Country,Year,corruption_and_economic_crime,intentional_homicide,violent_and_sexual_crime,firearms_trafficking,access_and_functioning_of_justice
Afghanistan,2019,0.0,739.6085541581144,0.0,0.0,0.0
Afghanistan,2020,0.0,1288.289054469532,0.0,0.0,0.0
Afghanistan,2021,0.0,808.5162292328389,0.0,0.0,0.0
Albania,2019,2063.4,16.029327856175872,92.43636363636364,2847.429514733065,75.72432006939665
Albania,2020,3254.0625,11.886892297831016,1077.0188679245282,2709.9949806845366,68.23341112808755
Albania,2021,2757.235294117647,14.905221341374464,0.0,2887.8543840259194,77.8906886073675
Albania,2022,5210.323529411765,8.35777599005783,971.9444444444443,2585.4485776584347,62.34379891817698
Albania,2023,1777.590909090909,7.044042309550433,646.7966101694915,774.9699482900778,53.33166142360994
Albania,2024,0.0,11.153846153846152,0.0,0.0,0.0
Algeria,2019,21348.11111111111,47.6934619395992,0.0,5772.146829832429,796.6214783431217
Algeria,2020,74319.94444444444,65.4844189051045,0.0,5639.389730499407,855.3663281336937
Algeria,2021,5934.055555555556,69.42045019248957,0.0,6636.268469505437,1065.518006281047
Algeria,2022,1248.8333333333333,63.904045124450604,2614.3658536585367,3866.399819963464,1790.5953588944092
Algeria,2023,36916.375,51.54395638559678,4730.4358974358975,5049.280674908995,4488.368264058939
American Samoa,2019,1.0,1.0,1.0,1.0,1.0
Andorra,2019,2076.625,0.0,5.022222222222222,241.01393598779268,61.44098200683899
Andorra,2020,0.0,2.9156484185254774,5.255813953488372,248.24288504063625,0.0
Andorra,2021,0.0,0.0,0.2985074626865671,0.0,0.0
Andorra,2022,0.0,0.0,41.578947368421055,0.0,0.0
Andorra,2023,0.0,0.0,0.9701492537313432,0.0,0.0
Antigua and Barbuda,2019,472.625,0.9947261680615744,5.5,152.98166235821313,27.973910427336182
Antigua and Barbuda,2020,369.0,3.656700340540272,0.0,201.687097683928,22.71608901445807
Antigua and Barbuda,2021,1834.5,3.8432435572436336,0.0,16.52763050918732,24.45850295665632
Antigua and Barbuda,2022,585.95,1.9556117012477667,0.0,122.48343979344372,31.766521849542865
Antigua and Barbuda,2023,311.0,2.181914269357418,0.0,11.452195727243511,34.18194994400713
Argentina,2019,507.25,149.4437891244384,0.0,6943.044874198012,18699.386462723225
Argentina,2020,2458.5,161.95820825179263,2194.6666666666665,6003.3716120088,19152.68716368371
Argentina,2021,3286.5,154.33082509291822,8531.875,5670.652498941607,23546.149739678192
Argentina,2022,1325.75,143.24681195659724,9822.190476190475,6112.16336938568,24855.117143306157
Argentina,2023,805.0,241.49303053357917,0.0,4482.88416843755,24635.780375815128
Armenia,2019,1104.875,13.123353209325966,160.33333333333334,0.0,39.73956762029747
Armenia,2020,5911.928571428572,7.204593623443476,70.28571428571429,408.483384726274,35.520971176433115
Armenia,2021,1011.7857142857144,17.60992235578065,0.0,381.7843727606663,35.270761735610385
Armenia,2022,903.3571428571428,22.58280881754734,0.0,258.6653926591562,40.72329549090538
Armenia,2023,2216.1428571428573,18.4600853302185,1305.04,277.88196512314954,51.55100918274542
Australia,2019,206.75,14.775686258469287,11999.333333333334,91423.32952388914,9219.754344871528
Australia,2020,48.375,15.227254085777846,0.0,39517.557503662094,9315.277335574296
Australia,2021,179.0,13.21868827738574,0.0,40262.25661860652,9994.35861285924
Australia,2022,505.625,14.36371454662512,0.0,38893.84140341792,10164.542327401372
Australia,2023,0.0,39.58003793358649,0.0,12288.006380550947,15099.118093771744
Australia,2024,0.0,2.0,0.0,0.0,0.0
Austria,2019,1551.5882352941176,6.877736197956654,0.0,24769.266678882384,532.3397955694912
Austria,2020,1430.5588235294117,5.529638147296898,0.0,20394.443077711883,500.3543510115975
Austria,2021,792.8,5.203383848153109,0.0,19283.76859082232,523.3735154479879
Austria,2022,1171.735294117647,6.322418834741505,0.0,19786.504708228316,588.6764862441596
Austria,2023,1328.090909090909,7.962912991227086,0.0,6269.912895702434,1147.2063041676963
Azerbaijan,2019,2806.25,25.31801896558264,908.686274509804,1413.58716734696,37.17943778048591
Azerbaijan,2020,1561.5357142857142,27.32500159958225,0.0,1358.5555668342895,37.54646045004501
Azerbaijan,2021,2566.5625,24.79250342419995,2650.753424657534,556.6895526334791,41.90549636150069
Azerbaijan,2022,0.0,32.26252938725645,2.0,0.0,0.0
Azerbaijan,2023,0.0,37.03135764272744,1037.212765957447,0.0,0.0
Azerbaijan,2024,0.0,59.2,15667.5,0.0,0.0
Bahamas,2019,619.2857142857143,13.539094439375829,0.0,290.33191172480383,274.55121533819647
Bahamas,2020,1177.2058823529412,10.274112757341909,0.0,1060.5199786893324,179.89947023336038
Bahamas,2021,690.7941176470588,18.352618787926662,0.0,1624.64309950892,157.37130891130565
Bahamas,2022,1552.65,29.694484184271477,249.55357142857144,2907.224797985267,172.8781582231256
Bahrain,2019,0.0,0.9122382858124802,0.0,0.0,0.0
Bahrain,2020,1.0,1.0,1.0,1.0,1.0
Bahrain,2021,0.0,0.5604557879277454,2028.6875,0.0,0.0
Bahrain,2022,0.0,1.1073065520819243,0.0,0.0,0.0
Bangladesh,2020,294.0,0.0,0.0,0.0,0.0
Barbados,2019,44813.26315789474,9.603453105500442,0.0,271.0266561908,96.92606438306233
Barbados,2020,114918.40625,9.239527187703708,0.0,193.74558870065707,269.6430290594892
Barbados,2021,59501.85294117647,7.540485594855991,0.0,177.8468865854001,205.1108576351293
Barbados,2022,28449.4,7.956648721749881,0.0,276.0463704096496,194.4044406976845
Barbados,2023,0.0,2.9403732812912566,0.0,0.0,220.2812346518569
Belarus,2019,110235.41666666669,25.257359953177133,0.0,291.5991825687197,187.82692430519765
Belgium,2019,1681.6666666666667,11.165861187774649,1296.4444444444443,44923.272262670514,9455.327422554645
Belgium,2020,2827.5333333333333,7.255171344269976,0.0,45356.08804425822,8652.584232776178
Belgium,2021,1766.258064516129,11.462368918784,0.0,41124.09703391699,9379.533898897114
Belgium,2022,1491.5666666666666,7.47660518094948,0.0,34638.136879674166,10011.345631954457
Belgium,2023,727.35,0.0,7264.938461538461,11062.177118079557,10114.79168404424
Belize,2019,67077.38461538461,17.802489519617094,0.0,85.40578503905499,228.3317622553371
Belize,2020,61017.77777777778,12.425520681492978,0.0,405.94769509133937,121.73044430809814
Belize,2021,77497.4,14.792333458723707,0.0,394.136443676751,47.40399002247389
Belize,2022,69743.07142857143,13.481304153479488,0.0,483.48581781605697,82.39896200171314
Bermuda,2019,0.0,1.023956822187905,0.0,37.68640277606924,0.0
Bermuda,2020,0.0,5.443375615228706,0.0,39.078253962323934,0.0
Bermuda,2021,0.0,5.696161459590791,0.0,37.41938516680832,0.0
Bermuda,2022,0.0,10.043670874405416,0.0,0.0,0.0
Bermuda,2023,0.0,4.46817220649324,0.0,0.0,0.0
Bhutan,2019,19064.42857142857,0.7271142593757907,0.0,0.0,111.3787799546039
Bhutan,2020,46251.357142857145,1.8288981646216584,0.0,0.0,104.85185414139627
Bhutan,2023,0.0,0.0,3.3142857142857145,0.0,0.0
Bolivia (Plurinational State of),2019,75454.75,44.13092212723202,0.0,7541.307885166617,823.5443274516593
Bolivia (Plurinational State of),2020,66620.3125,33.85246051576588,0.0,7262.292657896394,637.9686408061399
Bolivia (Plurinational State of),2021,56790.41666666666,27.397192942401634,17.511111111111113,8553.880405980033,786.1054214715758
Bolivia (Plurinational State of),2022,62998.833333333336,31.31808878417364,404.3181818181818,6430.464456295994,1043.1973870282038
Bolivia (Plurinational State of),2023,110967.88888888888,49.2901186586371,174.76271186440678,1637.189606843348,2238.4911531406347
Bosnia and Herzegovina,2019,109712.89285714286,5.115614009143251,0.0,1425.1022792109077,82.24412104140058
Bosnia and Herzegovina,2020,80829.7,3.7761669175343138,0.0,2019.2458990398327,74.69740285168334
Bosnia and Herzegovina,2021,49447.17857142857,3.4530784694397005,0.0,1485.79040516952,86.58867163393718
Bosnia and Herzegovina,2022,64184.15,3.302291183246428,0.0,1385.031015063245,61.209274216806975
Bosnia and Herzegovina,2023,75075.125,3.974729610596063,0.0,638.257830888166,95.33050087975109
Botswana,2019,20832.625,0.0,93.33333333333331,0.0,1181.0617364390546
Botswana,2020,107465.875,60.70335919506995,0.0,0.0,1187.142488239644
Botswana,2021,0.0,61.57920717453457,0.0,0.0,0.0
Brazil,2019,79586.28571428571,7525.517299176346,0.0,0.0,82337.04490080586
Brazil,2020,12390.0,1410.1819415026382,22004.172413793105,103845.24170164722,31285.18613713304
Brazil,2021,0.0,1935.10316450516,18512.53448275862,106129.10045683016,40541.712780074886
Brazil,2022,0.0,1919.886618505069,19733.275862068964,107170.22315482685,43910.24425170796
Brazil,2023,0.0,1880.1373436468891,16959.689655172413,64038.17444647774,47908.80471945858
Bulgaria,2019,374.6538461538461,20.27540117602119,16.305555555555557,3987.083121207482,345.97308817753566
Bulgaria,2020,852.5384615384615,14.883467524206225,14.61818181818182,3787.1349240242994,332.3078758014776
Bulgaria,2021,1472.962962962963,19.8218437520022,1272.4444444444443,3911.914023579961,336.65843806973226
Bulgaria,2022,738.6153846153846,18.26211693997582,810.5,3920.5704833325785,373.1375963541025
Bulgaria,2023,1318.2142857142858,21.692685312861578,0.0,1423.677888574431,444.4451544578323
Burundi,2019,0.0,0.0,27.0,0.0,0.0
Cabo Verde,2019,1276065.0,14.18590977648106,0.0,0.0,0.0
Cabo Verde,2020,0.0,15.477861942185612,0.0,0.0,0.0
Cambodia,2020,11.15713,0.0,0.0,0.0,0.0
Cameroon,2019,1376681.5,0.0,0.0,0.0,812.6737512151508
Cameroon,2020,87198.5,307.6170239712699,0.0,1233.2309165527774,1035.1008319242956
Cameroon,2021,0.0,0.0,0.0,1248.261476499652,1130.5598161180374
Cameroon,2022,0.0,937.3800445966848,0.0,1330.3540188044444,0.0
Cameroon,2023,0.0,0.0,0.0,0.0,2263.198665559945
Canada,2019,43739.857142857145,45.167856644929,0.0,56485.06356701683,6943.005776087501
Canada,2020,15961.714285714286,51.131920584181806,0.0,32616.408954890438,7095.968170910379
Canada,2021,59807.28571428572,51.86910921695053,0.0,40066.29142466792,7806.386418632795
Canada,2022,62570.28571428572,58.49005382171312,0.0,25320.175286986778,8059.062371773337
Canada,2023,3290.0,68.47026697398239,0.0,18690.87397405102,24484.931623270197
Cayman Islands,2019,0.0,2.4852882201791253,0.0,0.0,0.0
Cayman Islands,2020,0.0,3.68389884180565,0.0,0.0,0.0
Chile,2019,203975.22857142857,67.38849962888493,1384.6065573770493,34539.296703606626,3533.253598084812
Chile,2020,291319.26470588235,77.84837672377164,0.0,39939.69917976174,3084.117627737065
Chile,2021,304222.4117647059,66.07092838371918,2090.106382978724,31023.961147286427,3617.665355405597
Chile,2022,147550.79411764705,94.4198680164274,0.0,33485.388029709386,3636.559359583925
Chile,2023,99010.95454545454,118.55793611025852,0.0,3370.2426417536008,3164.627376119241
China,2019,0.0,3689.759181400572,0.0,0.0,0.0
China,2020,0.0,3578.750928035268,0.0,0.0,0.0
China,2022,0.0,3386.237584096324,0.0,221381.043276195,0.0
"China, Hong Kong Special Administrative Region",2019,962.75,2.027598417463211,0.0,4202.388857795578,847.1677916613734
"China, Hong Kong Special Administrative Region",2020,3344.75,1.865552981805418,0.0,3712.745596640933,700.0986752769657
"China, Hong Kong Special Administrative Region",2021,153.75,2.1214368397220724,0.0,3866.47097914944,684.0185162162608
"China, Hong Kong Special Administrative Region",2022,7521.375,2.7506080740876717,0.0,3697.775741303732,600.0560439510763
"China, Hong Kong Special Administrative Region",2023,0.0,4.303736978744013,0.0,998.997237407475,631.3705793885299
"China, Macao Special Administrative Region",2019,372.7600726818182,0.8562563496887655,0.0,721.4260064936257,34.40727675157475
"China, Macao Special Administrative Region",2020,290.0816759090909,0.6574707757971869,0.0,613.8163474686907,27.57725593986009
"China, Macao Special Administrative Region",2021,347.7840833181818,1.077272882749735,0.0,586.3458309265574,25.63412997733416
"China, Macao Special Administrative Region",2022,252.86808466666668,0.9841141949697632,0.0,703.4388496169536,25.61283556591827
"China, Macao Special Administrative Region",2023,0.0,1.6146066804618908,0.0,0.0,0.0
Colombia,2019,151552.5,805.5866095816472,9896.026666666668,27544.72152413306,9701.128890804855
Colombia,2020,83334.70588235294,829.0569893391923,10070.078125,14822.176971413124,8385.03221800162
Colombia,2021,508782.8108108108,953.9429192279316,33749.21052631579,15654.171815629696,8802.056481040972
Colombia,2022,300292.3448275862,951.6415086682076,21521.30357142857,18137.0293628158,7358.269921251708
Colombia,2023,77754.27777777778,1561.6046703636414,17927.58620689655,6300.322627504544,14118.349209229957
Costa Rica,2019,123859.80645161292,42.38143548632125,0.0,2883.758880129534,1933.4771357769748
Costa Rica,2020,184728.2333333333,39.482977330938965,0.0,2099.917559105072,1555.929489980772
Costa Rica,2021,112340.26666666666,62.350884061064114,0.0,1991.4056894079945,1562.6591657217532
Costa Rica,2022,166045.23333333334,68.8534411280861,725.6333333333333,935.8772312741872,1996.384255690828
Costa Rica,2023,141726.7,192.94402428321536,0.0,429.13518308263616,2242.872086379747
Croatia,2019,180.55882352941177,2.7768647884412188,0.0,2438.469553299114,102.37644951795204
Croatia,2020,231.11764705882356,3.2046365173638423,2017.0,2322.9103906087025,84.94333143860335
Croatia,2021,243.02857142857144,2.861435183999281,6993.0,2400.3390661334006,100.11128129425408
Croatia,2022,334.4117647058824,2.86570588830018,3214.0,2404.807062390621,99.75873713502816
Croatia,2023,674.8181818181819,2.767829943064494,2557.0,1209.0828684529524,222.39883706639176
Croatia,2024,0.0,0.0,4164.0,0.0,0.0
Cuba,2019,0.0,168.9067980226367,0.0,0.0,0.0
Cyprus,2019,121227.14285714286,2.8810654730273675,44.01639344262295,5449.43120038022,24.94151803981936
Cyprus,2020,188328.5,4.133422033171646,0.0,3770.693469255136,27.842721086868227
Cyprus,2021,357268.8965517241,4.620796117816083,24.181818181818183,3639.974550091437,37.349529145439895
Cyprus,2022,239056.75,2.254975390875944,25.8,479.0513629379088,36.09299872633882
Cyprus,2023,167585.36363636365,2.372636499463963,28.34375,397.97930649733377,40.057936849301086
Cyprus,2024,0.0,8.666666666666666,0.0,0.0,0.0
Czechia,2019,292649.0,7.455412355877621,0.0,9238.443244649468,622.0044114686341
Czechia,2020,123133.75,5.411322822928857,0.0,7459.554608762293,313.3287348534661
Czechia,2021,62554.28,3.9402578550864074,0.0,7430.593002819689,310.8980191373012
Czechia,2022,97019.0,6.738435757539688,0.0,6900.486416886469,357.09080596656514
Czechia,2023,179934.33333333334,7.226356275468526,0.0,2233.079104983845,634.3702833019233
Democratic Republic of the Congo,2019,0.0,0.0,320.0,0.0,0.0
Denmark,2019,16724.5,4.737130162563646,164.49056603773585,8084.766842563221,1268.351370990052
Denmark,2020,34830.17857142857,6.133759248666044,0.0,8088.483092709838,1605.3576599420946
Denmark,2021,7338.482758620689,4.4675406788290175,216.28125,6851.445494767519,1679.6925258906
Denmark,2022,10133.42857142857,5.7301716179454125,199.82142857142856,7167.7279721005,1713.8185993423212
Denmark,2023,58281.944444444445,4.867629587657168,118.36734693877553,3044.9028969553524,2232.0717825238207
Dominica,2019,51958.72222222222,5.390106498019271,0.0,99.41178282992333,206.3336346331317
Dominica,2020,38355.1,6.876302776538093,0.0,70.6120415646167,161.01513178340468
Dominica,2021,13193.8,3.986250665167841,0.0,48.99396802466776,153.72600517841724
Dominica,2022,83762.95,9.330518609213588,0.0,16.65842119312155,165.4764758634031
Dominica,2023,0.0,5.636785122988578,0.0,0.0,162.3116763518542
Dominican Republic,2019,6723.222222222223,72.53593224555397,0.0,7682.743781279893,658.0379350604684
Dominican Republic,2020,133031.625,69.12961067538046,0.0,3396.8361261468185,508.97700842505344
Dominican Republic,2021,9464.0,93.97458732454676,0.0,2648.387369306754,668.4160876449757
Dominican Republic,2022,6869.0,107.41588650674665,0.0,15663.75316117153,660.127204101372
Dominican Republic,2023,0.0,113.6415529661139,0.0,0.0,1393.2884003159222
Ecuador,2019,17047.10066666667,89.62358164784729,0.0,10527.984797977151,4383.069749691847
Ecuador,2020,23703.63333333333,103.7436974038145,0.0,7344.452977118929,3904.6903253023634
Ecuador,2021,30336.62,147.91150247599592,0.0,6463.203301102351,4153.545046318019
Ecuador,2022,12448.266666666666,289.4956807675009,16064.333333333334,5538.63588097245,4462.459201882871
Ecuador,2023,33994.85,717.6102676346466,7510.409090909091,3042.03452150896,4234.797444712853
Egypt,2020,0.0,69.62841460319412,0.0,0.0,0.0
Egypt,2021,0.0,127.7321099207776,0.0,0.0,0.0
El Salvador,2019,7.472463272727272,160.14910799588614,696.1833333333333,3447.340653141356,743.9723908914482
El Salvador,2020,11.744250029411765,91.44697047584226,0.0,3214.265869075444,607.8153508947743
El Salvador,2021,3.393871970588235,83.23324605648529,310.1774193548387,3183.167056574591,726.7371977384735
El Salvador,2022,13.65245615,42.10703862296925,597.8548387096774,8314.048389652922,814.8422579937269
El Salvador,2023,0.0,0.0,0.0,252.18574184553816,0.0
Estonia,2019,55286.0,5.120818730608004,0.0,673.4835447007556,88.71786728659431
Estonia,2020,41829.0,5.319875363039521,0.0,367.06748925653454,82.61171159449772
Estonia,2021,29702.068965517243,3.379763323654506,0.0,338.23934597865264,85.64877266082448
Estonia,2022,8755.23076923077,2.8475322931261493,0.0,306.7096359766472,78.67555819364836
Estonia,2023,70242.94444444444,2.592916488750062,0.0,212.45167600568251,97.74538715248826
Eswatini,2021,2.4735364444444445,15.608742763195458,0.0,0.0,647.4707763702799
Fiji,2020,0.0,6.283828028475009,0.0,0.0,0.0
Fiji,2021,2991.0,3.721773269124456,0.0,0.0,0.0
Fiji,2022,0.0,8.37110956170099,0.0,0.0,0.0
Fiji,2023,0.0,4.2945249259037634,0.0,0.0,0.0
Finland,2019,79788.84375,7.967714659683031,4205.0,19925.80388527419,537.2221193345006
Finland,2020,80808.25,8.039496582382878,0.0,16472.636426219506,564.8679028392762
Finland,2021,48853.36363636364,6.207286918858488,0.0,11590.67800103502,647.7830694071743
Finland,2022,30663.5625,5.980969584723012,0.0,11028.52310124692,668.0245918996334
Finland,2023,86725.1,20.09861465767747,0.0,4586.8623668388345,1168.4956611417351
France,2019,59019.43333333333,60.65963495669662,625.2456140350877,106821.63492603094,34499.95830678257
France,2020,23987.9,56.37378597327432,0.0,88320.45871263953,33417.38765719484
France,2021,36095.93548387097,60.58824292676889,4398.0,108571.79081885098,38866.47366517709
France,2022,23185.4,67.6606691088628,4013.5,93232.98086632746,42717.6486878843
France,2023,6851.681818181818,76.12612029871603,4876.571428571428,34017.67697557182,59272.651231082935
France,2024,0.0,220.5,0.0,0.0,0.0
French Guiana,2019,0.0,25.50604055025775,0.0,0.0,0.0
French Guiana,2020,0.0,26.04354991524985,0.0,0.0,0.0
French Polynesia,2021,9.979854,0.0,0.0,0.0,0.0
Gambia,2020,533.0,0.0,0.0,0.0,0.0
Georgia,2019,939.375,24.74118444524322,95.07272727272728,0.0,376.0247702953008
Georgia,2020,0.0,12.591651355633497,0.0,0.0,0.0
Germany,2019,70765.23333333334,46.20495691631911,0.0,153322.38239561592,10033.33768415127
Germany,2020,55003.86666666667,54.22269044938076,0.0,136473.67506060976,9770.392997321063
Germany,2021,62257.35483870968,46.83519026452878,0.0,151465.3649354966,9943.274043356663
Germany,2022,97392.76666666666,46.0148681156954,0.0,126065.2148314972,11617.438214146505
Germany,2023,47992.16666666666,58.25244826865679,0.0,20505.263257812017,21974.459738885605
Ghana,2019,0.0,286.4133385659689,0.0,0.0,5887.190226256303
Ghana,2020,0.0,185.8704945665148,0.0,0.0,4471.908611798948
Ghana,2021,9505.666666666666,201.9274660232892,0.0,0.0,4894.170870150009
Ghana,2022,0.0,203.24913060709693,0.0,0.0,0.0
Gibraltar,2024,0.0,0.0,1.0,0.0,0.0
Greece,2019,466.1071428571428,11.85137066264396,2857.095238095238,10705.379333913255,125.89342370278186
Greece,2020,449.78125,11.70676743993101,1311.2209302325582,8853.578672681104,122.46991995712372
Greece,2021,1488.6666666666667,11.339685278547408,1132.8170731707316,6829.441701176077,209.6295710505694
Greece,2022,735.4375,13.420332464589867,1538.835294117647,7715.820622375571,246.8481437659424
Greece,2023,1055.95,7.702644078075656,1889.7105263157891,2503.4454332176683,251.7114398355593
Grenada,2019,807.375,3.2551943216761576,0.0,114.02819577348689,132.52702729889393
Grenada,2020,1288.0,2.820732985816989,0.0,161.4548433709576,267.670770025662
Grenada,2021,687.6,1.5075057152170834,0.0,370.4888625648589,281.6434565256204
Grenada,2022,2327.65,2.488100349890675,0.0,404.3626245965869,302.2137619901597
Grenada,2023,464.0,3.078502376143478,0.0,38.27593471214088,292.5372842543005
Guam,2019,0.0,5.663057450805895,0.0,0.0,0.0
Guatemala,2019,728.6129032258065,315.8450842034358,923.5,3815.9636021013225,2573.6464860981737
Guatemala,2020,912.4285714285714,211.8530078683564,0.0,6804.570152066614,2472.563270779258
Guatemala,2021,559.5,231.31258272912424,0.0,5388.840083502236,2122.1910199953177
Guatemala,2022,1596.9,223.75872156226268,0.0,5354.51468863605,2009.515340528956
Guatemala,2023,355.2,371.2238221080282,0.0,2483.328938924886,2439.273223445758
Guinea,2019,1.0,1.0,1.0,1.0,1.0
Guyana,2019,812.2285714285714,14.275687459022148,2.5,2138.598344116537,152.22673731170022
Guyana,2020,1383.7,16.132290288474813,7.5,2464.8645243502638,206.12683426976733
Guyana,2021,448.52941176470586,12.619285641250016,61.0,905.6891381605096,110.80109941113936
Guyana,2022,317.15,12.219203784848435,0.0,1795.924503330326,196.2943345723492
Guyana,2023,359.6818181818182,16.509215310883466,60.44615384615385,386.7546237473066,126.36315076271548
Haiti,2020,0.0,432.38608011411975,0.0,0.0,0.0
Haiti,2021,0.0,545.4687293847861,0.0,0.0,0.0
Haiti,2022,0.0,737.2044009766067,0.0,0.0,0.0
Haiti,2023,0.0,1617.016361611246,0.0,0.0,0.0
Holy See,2019,1.0,1.0,1.0,1.0,1.0
Holy See,2020,1.0,1.0,1.0,1.0,1.0
Holy See,2021,5.14434125,0.0,0.0,0.0,0.0
Holy See,2022,13.28243235,0.0,0.0,0.0,0.0
Holy See,2023,7.831204181818181,0.0,0.0,595.8791851729164,56.337874201143606
Honduras,2019,270.6363636363636,254.22678673236732,0.0,1633.7485427489562,237.53421988574965
Honduras,2020,5788.125,222.14367847087507,0.0,1335.950878397358,170.12322556073354
Honduras,2021,576.0357142857143,241.66473772938932,0.0,2302.7656040089587,540.4293190885097
Honduras,2022,551.2666666666667,224.7754819849632,0.0,1734.2379959699608,466.7597719977344
Honduras,2023,1020.0909090909092,295.4628359959738,0.0,451.3322097494644,1107.1161904884812
Hungary,2019,629.5,5.624734549375503,0.0,12941.367518833607,214.71552394285376
Hungary,2020,561.7727272727273,6.907919692402449,0.0,11420.628906368578,265.0937233120853
Hungary,2021,574.0,6.256492223604064,0.0,11728.818260103732,272.52117140474104
Hungary,2022,351.04545454545456,7.965619648692547,530.9659090909091,11374.862560616248,273.891858169301
Hungary,2023,416.5,6.850674231416411,1862.6470588235293,3908.939198855722,656.912460125411
Iceland,2019,806.0714285714286,0.1160070580815088,0.0,557.6270329518024,149.1176633873903
Iceland,2020,508.2142857142857,0.6381158724160936,0.0,544.651711947972,124.30685680306806
Iceland,2021,512.7142857142857,0.3214179990454596,0.0,469.8181690803361,149.2428693018036
Iceland,2022,2332.5,0.5081853442406402,0.0,420.9141265887702,146.2872989873947
Iceland,2023,1610.0,0.683734176198822,0.0,108.33082324928796,125.90745835564184
India,2019,0.0,12432.13585189756,0.0,23790.23873282853,0.0
India,2020,44.0,11874.334600763394,0.0,24124.557299798984,0.0
India,2021,0.0,11697.313947574852,0.0,23930.41919760727,0.0
India,2022,0.0,13378.069756243034,0.0,0.0,0.0
Indonesia,2019,0.0,0.0,0.0,7029.530295377762,0.0
Indonesia,2020,187.66666666666663,0.0,0.0,6182.116855852962,0.0
Indonesia,2021,268.0,434.6569963349901,0.0,18254.387103506477,2046.8393100138624
Indonesia,2022,201.57142857142856,289.78777534826685,0.0,31713.87143527465,4348.45897563419
Indonesia,2023,412.0,0.0,0.0,0.0,0.0
Iraq (Central Iraq),2019,1122.0,4284.702017134973,0.0,904.0,165.1556033604995
Iraq (Central Iraq),2020,6281.25,4464.663418469447,0.0,927.3333333333334,265.0982210111211
Iraq (Central Iraq),2021,447.5,5859.681110140547,0.0,0.0,327.1702058417967
Ireland,2019,1776.65,1.8270508273786408,58.45454545454545,6931.796806794815,945.5713108194004
Ireland,2020,279.7,1.8922049008416124,689.2,8988.920247916034,850.0096059734426
Ireland,2021,344.04761904761904,1.2938362051345915,1823.3333333333333,6004.969952914737,968.5283483794848
Ireland,2022,1818.2,3.456449645514444,0.0,6113.388843749668,457.5536773964925
Ireland,2023,298.125,2.6339579496811587,0.0,1664.131283294821,1026.159533747283
Israel,2019,66.99444085714286,15.56064856021592,0.0,7572.931232777598,4779.57712030091
Israel,2020,324.4884332857143,16.731513273070437,0.0,3460.104813326531,5071.733360710951
Israel,2021,205.84757428571427,18.213859294230232,0.0,6014.7997257859615,5148.433277251754
Israel,2022,37.25536114285715,16.758489656559796,0.0,1914.3758077548096,5555.426900195053
Israel,2023,276.82096966666666,5.419629766772859,0.0,7448.926207689852,5146.758397511147
Israel,2024,0.0,5.777777777777778,0.0,0.0,0.0
Italy,2019,89.87701238235294,33.77098695082982,2387.6666666666665,72692.82771925918,5929.704186387051
Italy,2020,18.920693088235296,30.92075130663199,0.0,59558.578975638055,5384.72183033601
Italy,2021,104.66715485714286,30.61680460457469,3993.769230769231,59463.66856164909,5656.380487358887
Italy,2022,197.58832955882352,30.75893457308089,1367.0,58667.288335338046,5883.708271229456
Italy,2023,50.26349382608696,28.084685262280622,0.0,16400.124129542128,4149.562416948606
Jamaica,2019,32.490764,100.23782008155844,666.0,3250.39955818147,508.3911749881609
Jamaica,2020,10.4234015,84.35105716754208,0.0,1693.8573995658298,419.6523268305555
Jamaica,2021,11.4435805,92.77216116479086,957.6595744680852,2089.320373269792,401.5581075411192
Jamaica,2022,25.0814767,111.57920255871343,0.0,1269.368721813324,351.6303665236189
Jamaica,2023,24.664460666666667,127.53751985750937,0.0,213.64345607829108,340.4128443716064
Japan,2019,4.7130686,58.17089270066213,642.3478260869565,86463.11011885642,0.0
Japan,2020,3.9794226315789474,47.991578982029786,1670.190476190476,25533.62959285127,3044.241665813768
Japan,2021,517.6194408888889,46.05112740030551,593.0666666666667,24703.114985894787,2989.977160834504
Japan,2022,5.125295611111111,43.8621541478104,778.4375,24620.630219395385,3265.6104505800904
Japan,2023,1.3642615,48.91314429674981,2836.285714285714,7763.665186791329,4034.141030251386
Jordan,2019,4.183042538461539,13.186470353935992,0.0,1377.9495433738562,331.174431556955
Jordan,2020,25.383407166666668,13.595048016013356,0.0,1859.228560404883,219.28554092796097
Jordan,2021,17.6329395,10.185884860686826,0.0,1549.702286613732,301.6009794371336
Jordan,2022,6.373188416666667,10.550688637519896,891.8571428571429,1743.6528912492668,370.3865174653649
Jordan,2023,9.282156666666667,13.011524350936725,0.0,1807.0458581636185,351.16825992342046
Kazakhstan,2019,0.0,352.3246128033679,570.25,15289.10662584188,0.0
Kazakhstan,2020,9.774821375,137.14267614897815,436.71875,12435.760027785647,0.0
Kazakhstan,2021,0.0,188.7703597099281,0.0,0.0,0.0
Kazakhstan,2022,0.0,171.61911500093677,0.0,0.0,0.0
Kenya,2019,1.21289075,79.12868340505351,0.0,4765.117791780133,2933.885426371229
Kenya,2020,2.6531784375,91.40570258425012,0.0,8544.093147271089,3140.586288910016
Kenya,2021,8.0393821875,127.7277762930428,2404.08,6385.250964940259,3238.3234699043714
Kenya,2022,0.5562170000000001,119.94678154770062,0.0,0.0,3085.8441357404736
Kiribati,2021,1.0,1.0,1.0,1.0,1.0
Kosovo under UNSCR 1244,2019,14.887193857142858,4.43159228594891,0.0,3270.843106686548,45.45008381565797
Kosovo under UNSCR 1244,2020,11.302597142857142,3.6593495885095546,0.0,2489.415763792805,44.92660657056543
Kosovo under UNSCR 1244,2021,4.1809175,3.1332483630835037,0.0,744.8304631444842,59.21571935498412
Kuwait,2019,0.0,5.505521545351882,0.0,0.0,0.0
Kuwait,2020,0.0,10.063134533281586,0.0,0.0,0.0
Kyrgyzstan,2019,2.799664,0.0,0.0,0.0,100.3232967120428
Kyrgyzstan,2020,2.636611875,0.0,0.0,0.0,88.00897845448874
Kyrgyzstan,2021,1.5677952142857143,0.0,0.0,80.06823415118771,0.0
Kyrgyzstan,2022,1.2799365,0.0,0.0,389.7741764125071,0.0
Kyrgyzstan,2023,1.113111875,0.0,0.0,375.7378481393022,0.0
Latvia,2019,404.67445759375,8.633008439875763,433.74545454545455,1471.7478914404253,50.30694420790183
Latvia,2020,465.02786515625,8.07733982909168,0.0,1327.531269009536,47.95333641890922
Latvia,2021,273.84864512121214,7.865837003020364,262.05434782608694,1338.8054616758016,56.19258387495169
Latvia,2022,252.44400921875,8.585554413934453,0.0,1025.4256521918032,51.1297613678906
Latvia,2023,408.6110866818182,5.5118951633693785,0.0,292.74957653887526,145.85764419388906
Latvia,2024,1.0,1.0,1.0,1.0,1.0
Lebanon,2019,0.326924,48.27933540805993,0.0,196.28744653551783,52.55830233029843
Lebanon,2020,0.0,53.47154266364483,0.0,0.0,14.923868425517512
Lebanon,2021,0.0,0.0,0.0,163.81560998660137,5.08744130393172
Lebanon,2022,0.0,0.0,0.0,137.60443068603934,2.543519975712372
Lebanon,2023,0.0,0.0,0.0,0.0,0.6782136924342876
Liechtenstein,2019,18.2846845625,1.80072840790843,5.2,128.90365024641366,37.36511446409987
Liechtenstein,2020,15.575728000000002,3.3693853030241288,0.0,290.6079108239301,44.74391879691496
Liechtenstein,2021,26.337816850000003,2.4178096445595325,0.0,207.63641308660604,30.27031041901441
Liechtenstein,2022,22.07544708333333,0.0,0.0,302.9938675854752,42.22586285830554
Liechtenstein,2023,21.07756433333333,0.0,0.0,44.029104432857615,50.53044766570702
Lithuania,2019,6.267077810810811,8.240012903864288,167.18032786885246,2594.5718011874987,29.471603045697638
Lithuania,2020,4.041204540540541,8.318678934214422,78.83928571428571,1959.491365083211,23.972457755613792
Lithuania,2021,8.883312297297296,6.463365508531274,297.4117647058824,1804.8703668234805,21.367869721461616
Lithuania,2022,8.93194005882353,5.874144684408338,255.672131147541,1810.8867993646963,24.125622958679305
Lithuania,2023,3.755530545454546,6.8358310421967525,0.0,677.503842770471,56.92705298589853
Luxembourg,2019,12.801157428571427,1.6551958066460832,47.26086956521739,4239.306428047062,147.82686148641565
Luxembourg,2020,11.143547857142858,0.4249623384006614,112.14285714285714,1744.373148310837,128.13893532636536
Luxembourg,2021,2.883417,2.3123662681914303,0.0,1656.7676485425204,148.10705947766112
Luxembourg,2022,7.073574357142857,4.8036149162330615,0.0,1834.381371683616,147.88072802066392
Luxembourg,2023,107.3134175,2.8758844561252626,101.0,414.1169607311306,217.4168648830699
Malaysia,2019,342.5794865,155.4635084922456,0.0,91.74685405415102,1159.2562781634674
Malaysia,2020,895.6704,126.8732713130506,0.0,90.40141428323692,1035.245775884038
Malaysia,2021,476.88063625,121.85440927506866,0.0,91.40244635324596,1051.1572540016418
Malaysia,2022,930.0244,120.3458662483914,0.0,0.0,1044.3012543704165
Malaysia,2023,1007.4200166666666,129.36724621535694,0.0,0.0,1101.2261478223522
Maldives,2019,0.0,1.8075465779292277,0.0,0.0,0.0
Maldives,2020,625.5596,0.0,0.0,0.0,0.0
Malta,2019,605.5693751333333,0.4437467673503391,0.0,865.4187013437365,73.20266961035921
Malta,2020,446.72175821875,1.203116018853703,0.0,847.3441790053156,71.18073811630434
Malta,2021,421.978125060606,0.2568264324245936,0.0,783.8813827414397,82.95228619131483
Malta,2022,544.9047227333333,0.9148293979952058,0.0,808.1241589560699,172.62204220110434
Malta,2023,411.815591,0.3079982521943026,0.0,130.045379437884,173.76551675935724
Mauritania,2019,0.0,24.537188195826584,0.0,0.0,0.0
Mauritania,2020,0.0,23.49998576127506,0.0,0.0,0.0
Mauritius,2019,0.0,6.820306902403053,0.0,0.0,0.0
Mauritius,2020,571.2240710833333,8.131538477885188,0.0,698.1385384042109,128.63283414755918
Mauritius,2021,1042.1064741666669,5.905278534462402,0.0,600.7335701024322,131.89343701487195
Mauritius,2022,0.0,3.161918913430998,106.77272727272728,0.0,0.0
Mexico,2019,265.6264478,2282.4933647354246,30730.28125,74310.8941186548,7719.393166258628
Mexico,2020,264.23675415625,2356.4012620156545,34627.916666666664,56549.49983730619,7625.704468423763
Mexico,2021,406.064445,2217.955704533659,38730.107142857145,60941.333114386594,11009.960603529224
Mexico,2022,260.8401284375,2070.0186790289345,160743.3448275862,58247.89887775788,11868.163951810044
Mexico,2023,260.97259569565216,3403.7409491878484,0.0,28232.277415933902,24507.500189216284
Micronesia (Federated States of),2019,0.0,0.3926666384667092,0.0,0.0,0.0
Micronesia (Federated States of),2021,136344.0,0.0,0.0,0.0,0.0
Mongolia,2019,984.81556821875,18.56584862206083,0.0,2655.37601117014,54.64177179172549
Mongolia,2020,875.1272890909091,18.21319312283658,0.0,2372.297313179596,52.20652958494795
Mongolia,2021,814.403184,20.34164298318969,0.0,788.3132642719474,107.04050904369709
Mongolia,2022,901.979186,17.63870741228511,0.0,1419.30276286588,100.74718152670404
Mongolia,2023,582.099018,17.29274511211861,0.0,1381.245263066311,108.13301059763184
Mongolia,2024,0.0,41.23076923076923,0.0,0.0,0.0
Montenegro,2019,775.0424365625,3.6096005452911215,324.5,695.3428771601847,18.51884721221995
Montenegro,2020,529.02229285,2.571569859511819,0.0,885.5971632535553,21.31019023415332
Montenegro,2021,1125.1730928076922,2.0098896618222253,0.0,816.0256985394195,27.02744051507782
Montenegro,2022,984.8415197,1.5453170908167917,0.0,690.5361125224229,20.25026912444396
Montenegro,2023,660.7815166666666,0.5901751098184078,0.0,185.9065146768013,20.344907081705323
Morocco,2019,260.47462075,64.19461105398345,126.7910447761194,6437.307852300471,11.28106799505497
Morocco,2020,221.8981668,61.47734616824525,228.03125,70492.38964860444,3521.3251994114835
Morocco,2021,439.4046451875,78.42184359997015,172.48,58465.47896843816,3606.95643001665
Morocco,2022,242.1209942,46.07039664075503,217.7076923076923,93304.88317578066,2630.853302245586
Morocco,2023,485.0746348333333,53.76453505029284,238.97590361445785,10473.751829469886,3692.640659958149
Morocco,2024,0.0,317.5,0.0,0.0,0.0
Myanmar,2019,1200.5075925,507.7777593616031,0.0,991.4488203085648,204.97197421920683
Myanmar,2020,909.053398235294,525.1502096463311,898.5777777777778,4643.291907498917,62.96563411856815
Myanmar,2021,0.0,5114.018334731832,0.0,0.0,0.0
Myanmar,2022,1600.5674285714283,293.5960212545819,357.27272727272725,9266.448376027483,104.96245272616486
Myanmar,2023,1005.8914358333332,189.993878122486,924.9473684210526,686.1435369484535,179.53103164432534
Namibia,2019,0.0,61.30463622941769,0.0,0.0,1122.7360936327166
Namibia,2020,0.0,59.81098359649295,23.0,0.0,1010.55772087447
Namibia,2021,719.999644,66.02967064595343,123.41666666666669,0.0,1035.9254495787743
Nepal,2019,0.0,278.476629055538,0.0,0.0,0.0
Nepal,2020,20.98392,309.56502064992185,0.0,0.0,0.0
Netherlands (Kingdom of the),2019,812.54858375,15.361560260337148,579.2727272727273,12969.378560416104,1332.5552357584234
Netherlands (Kingdom of the),2020,1003.3634310833332,10.019750037340229,1023.6376811594204,16518.15691083424,1338.618583588826
Netherlands (Kingdom of the),2021,808.4754231999999,16.19793049472738,1676.8285714285714,11309.417909283304,1329.599714659782
Netherlands (Kingdom of the),2022,1081.1844075,17.75222194559774,0.0,12133.172340445211,1502.6316178716818
Netherlands (Kingdom of the),2023,669.175145625,17.46033075925491,2433.68,5392.981619515576,1323.3455457272264
New Caledonia,2021,10.00303,0.0,0.0,0.0,0.0
New Zealand,2019,430.7726325,14.84330971210037,0.0,8957.609085717017,4202.745024830128
New Zealand,2020,645.19665335,7.455393061926202,0.0,4042.373682843189,3885.085752577223
New Zealand,2021,546.8711775,8.792804795137538,913.6666666666666,1873.2013027977,4267.190068287143
New Zealand,2022,686.8885083333333,10.757149808056273,866.4166666666666,1766.2439552924102,4671.870113617809
New Zealand,2023,1165.0520225,19.87696922925838,0.0,1838.0766187513357,5020.354513904116
Nicaragua,2019,0.0,88.82139642724361,3229.659574468085,452.7178637793605,438.7475250592888
Nicaragua,2021,0.0,112.35862176403604,0.0,0.0,0.0
Nicaragua,2022,0.0,0.0,993.45,0.0,0.0
Nigeria,2019,797.3854999999999,22110.54964908072,0.0,0.0,0.0
Nigeria,2023,283.29735,11898.945343964428,0.0,0.0,0.0
North Macedonia,2019,222.54679366666664,3.478332440116163,252.83333333333331,2815.906793363079,39.212963489933024
North Macedonia,2020,187.95395833333336,2.0860438148706044,0.0,3318.0363820019984,39.23983395169538
North Macedonia,2021,137.5696745,2.78918386027834,0.0,2059.444558415215,36.10024370545741
North Macedonia,2022,214.478935,3.159437241325571,215.20689655172413,2064.931170779143,33.079947145279974
North Macedonia,2023,264.19130725,4.612088509122995,1774.1153846153843,87.21606225190463,42.97458601546074
Norway,2019,727.24953595,2.593205635662512,380.7619047619048,8449.192525799637,1220.026779773012
Norway,2020,650.3041355,2.650768538366046,0.0,8132.469935340095,1241.2138632231315
Norway,2021,715.3186014,2.7448616929424445,0.0,7517.055750063004,1361.1663468933482
Norway,2022,1023.69113475,2.6794547697060773,0.0,7103.47486256839,1312.9098400848925
Norway,2023,713.5801733333334,4.149882475678136,0.0,359.02650033889137,1686.513587195314
Oman,2019,127.065185,4.045587519584274,0.0,0.0,36.78410172761569
Oman,2020,209.50143845,3.005863272078873,0.0,0.0,17.835640682282236
Oman,2021,285.7277676,2.0175090836288843,0.0,0.0,30.922158889917927
Oman,2022,109.66302655,2.05262445561606,0.0,0.0,37.90984622087824
Oman,2023,186.41794375,1.0080473993983696,0.0,0.0,47.29344977956215
Pakistan,2019,795.23105,4008.736128423261,0.0,0.0,6884.48157418135
Pakistan,2020,934.3758,4176.776582545051,0.0,0.0,7175.552104983084
Pakistan,2021,248.25319166666668,4535.893286137811,0.0,0.0,8302.215352522311
Pakistan,2022,237.09564,4970.538771605004,0.0,0.0,8203.739937445986
Pakistan,2023,0.0,5366.667435378967,0.0,0.0,9229.977710069008
Panama,2019,312.3319301515152,39.97593533095853,0.0,2934.05477968994,679.248524993492
Panama,2020,249.286603,40.943549188459656,891.4857142857143,3596.817139547895,482.9282516653683
Panama,2021,201.1105017142857,43.11996917885904,802.72,4208.870666851714,1346.7963705339318
Panama,2022,313.28186900000003,42.1535748091728,0.0,3947.28284591559,1482.5834986424948
Panama,2023,0.0,57.17642496372804,0.0,438.0162659272679,1460.282455667597
Papua New Guinea,2021,2.771004,0.0,0.0,0.0,0.0
Paraguay,2019,210.04425352941175,48.90241482300383,0.0,1982.1147947685345,706.0737346006742
Paraguay,2020,165.44075333333333,46.57701159705725,0.0,2319.0700705251825,850.2668035600636
Paraguay,2021,143.83287305555555,101.43577740908972,0.0,1673.7724753239877,949.3265689055146
Paraguay,2022,152.2076312222222,91.96612810139996,0.0,3066.04305945551,1146.8839610220048
Paraguay,2023,194.3725098,42.98618093058477,0.0,1217.090739879595,1091.6369138190018
Peru,2019,106.79160993939394,161.7242542237723,21424.636363636364,17781.923113356657,3526.898056313798
Peru,2020,131.4223202121212,122.660390405209,4215.4473684210525,12458.598960581208,3139.2807106691384
Peru,2021,66.16850522580644,209.86912262939396,0.0,12996.371051933806,3543.5303491775608
Peru,2022,214.51623458823528,612.3237252041332,1941.8190476190475,14198.902950726377,3686.694617878168
Peru,2023,102.7554,622.3333245335725,0.0,7872.447335268411,0.0
Philippines,2019,111.62400953846154,304.78026540538247,0.0,11529.00107283929,861.4910708270867
Philippines,2023,123.020539,278.9513287810941,0.0,73630.43147949381,207.93082325000367
Poland,2019,64.736526,24.59401027455029,0.0,42347.62852661844,2996.627120734678
Poland,2020,129.25569125,22.609893700550632,255.0,39015.122239494405,2292.9148401434118
Poland,2021,57.11296336363637,20.913813888548656,15630.4,34160.28445043051,2229.096914381451
Poland,2022,79.099117875,21.381383440752643,3686.1875,33940.53258639804,2383.8720099763877
Poland,2023,121.29659925,24.635175255472284,1181.1666666666667,7310.704820524522,2927.031697203792
Portugal,2019,184.15076595833327,6.690378395935935,2763.5245901639346,10003.998016341988,560.5341155113019
Portugal,2020,100.91769058333334,7.6094695378999,327.8787878787879,6608.944160990858,521.3963274403142
Portugal,2021,73.70720388,7.657883039342615,1897.27868852459,7466.006086399199,569.5119325928849
Portugal,2022,96.09761854166668,7.0659717889676985,0.0,7968.103014405758,626.6248345364464
Portugal,2023,182.19644314285716,42.4026560728493,2182.016129032258,3443.47711209501,657.4935658915026
Puerto Rico,2019,249.1982581666667,96.40281281717913,0.0,1712.224777173943,0.0
Puerto Rico,2020,72.83918333333334,84.74414308554125,0.0,1676.609449231766,0.0
Puerto Rico,2021,268.04954833333335,165.67001018347662,0.0,1608.3367072651265,968.89453801015
Puerto Rico,2022,48.72348933333333,149.83792780959843,0.0,0.0,970.5499583689258
Puerto Rico,2023,4.081976,122.96671818145784,0.0,0.0,0.0
Puerto Rico,2024,10.65422,245.0,0.0,0.0,0.0
Qatar,2019,54.903866,2.4516238147765343,0.0,0.0,0.0
Qatar,2020,38.48328283333333,2.686184899413999,0.0,2536.2726809946344,0.0
Qatar,2021,51.05374707142857,0.843380930183364,2028.6875,4965.204194383881,13.806989411181553
Qatar,2022,0.0,1.84192860853508,18.875,0.0,0.0
Republic of Korea,2019,12.049947833333333,106.16827049084326,0.0,179092.16578498055,10097.30069408335
Republic of Korea,2020,17.5409,107.00438660370313,0.0,130999.88476552271,9128.73595601554
Republic of Korea,2021,30.556308285714287,54.99560523305612,0.0,105128.98924420844,8144.845389749028
Republic of Korea,2022,27.399189714285715,80.37325216003444,0.0,87678.12844275175,8242.052660660347
Republic of Korea,2023,9.040834,96.64900804014016,0.0,10147.957177589127,7576.779905197304
Republic of Moldova,2019,335.87140235714287,15.091475476778946,84.44680851063829,127.64203553792092,113.90268324660796
Republic of Moldova,2020,483.356164375,12.540628708421265,356.25,0.0,96.03017368760082
Republic of Moldova,2021,117.97964120000002,7.816603481797314,6219.095238095239,0.0,99.61758052525532
Republic of Moldova,2022,336.409062,9.693184925011334,0.0,0.0,98.86279800815714
Republic of Moldova,2023,382.4770205833333,9.488511690788789,0.0,0.0,96.99105684392131
Romania,2019,88.94576456666667,88.24575283359847,0.0,11195.32634115234,317.6187386610544
Romania,2020,131.44734643333334,81.7875123152733,760.3789473684211,11236.6655073097,319.01617708430155
Romania,2021,214.43023333333332,73.10807380398597,2267.6021505376343,10851.579168510689,386.0283002960445
Romania,2022,179.7992804375,76.3766049039287,33.5,12539.489858633582,414.5487066237061
Romania,2023,122.1741690909091,69.64108110128267,313.21590909090907,4452.449367186715,633.6093758471026
Romania,2024,0.0,78.0,0.0,0.0,0.0
Russian Federation,2019,241.133164875,992.8217097777436,0.0,81906.39769629738,4807.278440899623
Russian Federation,2020,197.96522750000003,693.3622273240256,4383.555555555556,105810.17591981529,4843.390049460699
Russian Federation,2021,0.0,560.1693532168223,0.0,0.0,0.0
Russian Federation,2022,0.0,726.8159184024869,1370.391304347826,0.0,0.0
Russian Federation,2023,0.0,687.676916122381,0.0,0.0,0.0
Russian Federation,2024,0.0,2368.75,0.0,0.0,0.0
Rwanda,2019,0.0,203.58107679626565,255.0,0.0,0.0
Rwanda,2020,0.0,237.80623713582224,0.0,0.0,0.0
Saint Kitts and Nevis,2019,8.583669277777778,14.028157787493551,0.0,189.23217120975372,39.06954317798748
Saint Kitts and Nevis,2020,9.226839444444444,12.77545453262455,0.0,117.62497732133598,38.77350113330055
Saint Kitts and Nevis,2021,17.12095161111111,14.09872190255527,0.0,101.38089392137168,44.60789914957117
Saint Kitts and Nevis,2022,25.82732355555556,8.562631430469201,0.0,107.52434355161792,47.959507217457606
Saint Kitts and Nevis,2023,0.0,10.38713065920698,0.0,0.0,77.4205626131714
Saint Lucia,2019,6.394752636363635,8.303913721930366,0.0,205.87643556509403,233.64878856702217
Saint Lucia,2020,7.38641725,7.911015282808352,0.0,141.7215926028264,155.65482204618135
Saint Lucia,2021,19.176382366666665,12.803510268606956,0.0,142.88283592935636,189.0016404540777
Saint Lucia,2022,11.889867833333334,10.48745340299585,0.0,159.87537534271047,208.06098283055005
Saint Lucia,2023,13.446850454545457,10.97629059711285,0.0,70.98041177316277,224.8756164882392
Saint Vincent and the Grenadines,2019,21.95586075,4.969644272585778,0.0,288.7300295255913,125.984246983743
Saint Vincent and the Grenadines,2020,18.6046965,8.781616201876307,0.0,748.7337123041555,128.7691304599811
Saint Vincent and the Grenadines,2021,16.320618833333334,7.897593706416039,17.311475409836067,211.58718735647216,111.72094578732496
Saint Vincent and the Grenadines,2022,20.39333805555556,9.338336173271257,0.0,185.1792371024796,105.64448666007766
Saint Vincent and the Grenadines,2023,0.0,10.75050273852933,0.0,81.9574695309865,170.5463371906535
Samoa,2021,1.452,0.0,0.0,0.0,0.0
Saudi Arabia,2019,31.56679575,199.1514003474868,0.0,997.733442793197,1613.8342137310756
Senegal,2022,0.0,0.0,3108000.0,0.0,0.0
Serbia,2019,5.976826882352941,10.080239937141387,0.0,7090.922955901923,447.3306107639762
Serbia,2020,8.669180117647059,9.872431090533611,1644.6744186046512,5050.594946105458,414.13179564753
Serbia,2021,10.792826875,9.620896683094433,4092.777777777778,5154.763387622582,406.9228609855805
Serbia,2022,8.065554500000001,9.69547124374232,2253.058823529412,4929.857025775459,433.4777970139284
Serbia,2023,8.030204454545455,10.464930135492486,0.0,1187.856063033098,508.0343823189572
Seychelles,2019,0.0,9.249875691136037,0.0,0.0,0.0
Seychelles,2020,0.0,8.240928248996184,0.0,0.0,0.0
Seychelles,2021,0.0,4.532726903140565,0.0,0.0,0.0
Seychelles,2022,0.0,8.98334959867753,0.0,0.0,0.0
Sierra Leone,2020,0.0,89.11215614470062,0.0,0.0,0.0
Singapore,2019,100.20171079166668,2.029337229303235,0.0,1488.227584884212,422.19258402875
Singapore,2020,49.62337691666667,1.4255010347448205,0.0,1356.961777929065,393.75871245574297
Singapore,2021,29.302556750000004,2.431070557693548,0.0,1576.201946950647,423.5005093494931
Singapore,2022,21.863450333333333,2.559324861019608,0.0,1389.8099726814448,438.24683722516806
Singapore,2023,159.03934766666666,1.9160452056642183,0.0,598.7989010086626,406.7823901863151
Slovakia,2019,3.322572588235294,8.491374277318943,144.52173913043478,3691.676037254095,198.81113063741387
Slovakia,2020,12.482269470588236,6.871271082305954,177.91304347826087,3347.540142947544,147.48090193331672
Slovakia,2021,7.727928114285715,6.3954082226849165,136.86666666666667,3148.455354017421,159.5060782926871
Slovakia,2022,10.426486647058825,4.928468939596812,161.07692307692307,3564.8248256822403,155.5648362421527
Slovakia,2023,10.187588772727274,7.432106733602554,12678.470588235294,798.1963955448647,259.4302960003838
Slovenia,2019,3.034115857142857,1.8498103059399844,105.28947368421052,1558.6026646096043,29.38629852307245
Slovenia,2020,2.81541309375,1.116959399199713,207.8571428571429,1516.6365052720394,27.403520081423675
Slovenia,2021,1.9552749090909087,1.1500601415290883,2.0,1481.4664644288482,29.062972432995096
Slovenia,2022,5.40083046875,1.489438456179356,0.0,1349.5385440192429,31.05891540867229
Slovenia,2023,2.36308045,1.4384323906002483,0.0,476.32769104141886,86.06720426681319
Solomon Islands,2021,20.33914,0.0,0.0,0.0,0.0
South Africa,2019,5.0,7126.508036648175,0.0,0.0,0.0
South Africa,2020,0.0,10002.488783689005,0.0,0.0,0.0
South Africa,2021,0.0,8228.658617919742,0.0,0.0,0.0
South Africa,2022,0.0,8925.21597009016,0.0,0.0,0.0
Spain,2019,65108.21875,25.729332913058357,3222.0675675675675,35444.53188255148,1932.4979178633323
Spain,2020,15892.78125,25.300548152243277,3588.5066666666667,36190.16153926391,1604.6740834118784
Spain,2021,16245.39393939394,22.67552441813684,4975.094339622641,56738.96707691136,2034.8777980943112
Spain,2022,13307.25,25.173222277136635,3126.026785714286,41205.54963698389,2455.3948107003885
Spain,2023,16687.85,26.30760795751417,7130.971698113208,14184.26527390558,4354.736847011413
Sri Lanka,2019,6.746907,99.95727698453082,0.0,0.0,804.4737630106961
Sri Lanka,2021,0.0,0.0,968.0,0.0,0.0
Sri Lanka,2022,0.0,0.0,438.3333333333333,0.0,0.0
Sri Lanka,2023,0.0,0.0,531.7333333333333,0.0,0.0
State of Palestine,2019,80.77960546153847,8.790080886821581,0.0,85.86157415916222,197.0204021245044
State of Palestine,2020,53.73854666666667,11.375625409171692,0.0,1515.030282707289,194.2576247235532
State of Palestine,2021,41.63461508333334,10.605457853247575,0.0,3160.15296174878,138.62278111030616
State of Palestine,2022,71.950311,18.404078061070223,0.0,1601.338135246613,129.52120226680265
State of Palestine,2023,30.284930000000003,0.0,0.0,5763.056853186175,118.65373747862785
Suriname,2019,2.5393275,4.155358072973703,0.0,236.2592159837677,268.7173109177112
Suriname,2020,5.932007666666666,5.766273904591557,0.0,482.54865012528944,379.5312687556191
Suriname,2021,0.0,4.4328417755344285,0.0,314.042215738721,234.27664294869783
Suriname,2022,11.969145166666666,6.032614662505265,0.0,399.7321985685658,234.70534080916104
Suriname,2023,0.0,4.959380109908913,0.0,76.7933967952204,343.8952192561813
Sweden,2019,3.991722730769231,23.786392533416816,304.92105263157896,10393.0753672812,3475.000810002879
Sweden,2020,2.025887730769231,24.40367252827121,533.0526315789474,11638.33668836283,3714.671971064709
Sweden,2021,2.1044292592592595,23.425161690301454,623.5,10890.13616927354,3903.861420270707
Sweden,2022,2.558933461538462,23.425333229932896,2471.454545454545,10762.449830018972,3564.223343600799
Sweden,2023,1.550329875,37.4271447125338,0.0,5552.184203395254,8881.237346104732
Switzerland,2019,47564.54166666666,4.201295974184052,0.0,10821.819952586786,237.52553293897464
Switzerland,2020,17429.777777777777,4.164579235265033,0.0,14433.027352794366,253.2820694245615
Switzerland,2021,39171.88888888889,3.9650541175530543,0.0,14202.831304532148,258.7949210621622
Switzerland,2022,52219.958333333336,3.810932346246599,0.0,14545.890190241082,280.2308760375204
Switzerland,2023,29024.214285714286,5.267099200759758,0.0,2015.9612731911395,632.7681156323066
Syrian Arab Republic,2021,0.0,0.0,23.08333333333333,0.0,0.0
Tajikistan,2019,0.0,0.0,221.66666666666663,0.0,0.0
Tajikistan,2020,0.0,6.511221321174062,0.0,0.0,17.174371305540017
Thailand,2019,2.2242185625,1.0013981658943687,0.0,128733.77833369876,2917.072857250296
Thailand,2020,2.497794176470588,2.00279167865082,0.0,119314.00334214722,2882.5894517724296
Thailand,2021,0.6103451,2.5034854217078646,79.75,67395.05716756264,1202.5909470744011
Thailand,2022,1.4524179375,2.5034850331556995,20084.42857142857,67107.93831670111,1191.9092242854283
Thailand,2023,1.5247650909090908,0.0,533.5526315789474,49324.00685423313,2206.8592301492768
Tonga,2019,0.0,1.2890879652744405,0.0,0.0,0.0
Tonga,2020,0.0,2.95541650371529,0.0,0.0,0.0
Tonga,2021,1.0,1.0,1.0,1.0,1.0
Trinidad and Tobago,2019,3.5967150769230773,42.442371275788425,0.0,481.139878193356,216.67100951313697
Trinidad and Tobago,2020,3.917414666666667,31.958488999818087,0.0,332.978110819378,181.4785484497714
Trinidad and Tobago,2021,0.0,239.0566219729216,0.0,0.0,0.0
Trinidad and Tobago,2022,0.0,322.7216493311982,0.0,0.0,0.0
Tunisia,2019,0.0,192.74582058000465,0.0,0.0,0.0
Tunisia,2020,0.0,189.68826918901868,0.0,0.0,0.0
Turks and Caicos Islands,2019,0.0,21.5583220395918,0.0,0.0,0.0
Turks and Caicos Islands,2020,0.0,37.4093622917394,0.0,0.0,0.0
Turks and Caicos Islands,2021,0.0,22.47183573330975,0.0,0.0,0.0
Turks and Caicos Islands,2022,0.0,55.6700201755821,0.0,0.0,0.0
Tuvalu,2019,1.0,1.0,1.0,1.0,1.0
Trkiye,2019,4.160110333333333,0.0,0.0,0.0,0.0
Trkiye,2020,1.5987315,0.0,0.0,0.0,0.0
Trkiye,2021,2.5883055,0.0,0.0,0.0,0.0
Trkiye,2022,0.560021,0.0,0.0,0.0,0.0
Trkiye,2023,1.623533,0.0,0.0,0.0,0.0
Trkiye,2019,0.0,276.4782384172156,907.4857142857144,224453.4370101447,4245.467918993854
Trkiye,2020,0.0,294.4109470913373,1552.5,197728.3910068144,3870.991141865879
Trkiye,2021,0.0,304.47476354624285,392241.1818181818,236946.23938836483,4518.206131156725
Trkiye,2022,0.0,329.01199580132686,426679.6052631579,251484.45468831205,4831.042826403254
Trkiye,2023,0.0,384.1465370601481,26719.26923076923,105421.90586326546,4258.874499317504
Uganda,2019,0.0,2364.486092760665,53.0,0.0,0.0
Uganda,2020,0.0,629.6005178490401,0.0,0.0,0.0
Uganda,2021,0.0,570.0514478932358,0.0,0.0,0.0
Uganda,2022,0.0,1385.3954298162482,0.0,0.0,0.0
Uganda,2023,0.0,1459.8368433892556,0.0,0.0,0.0
Ukraine,2019,3.564182,912.0241357952224,0.0,0.0,347.27072862971926
Ukraine,2020,2.7667650714285714,850.9001784343646,0.0,5113.890240300506,304.4298341571711
Ukraine,2021,0.0,838.388319822008,0.0,4908.819597090851,0.0
Ukraine,2022,0.0,0.0,0.0,4814.274141298288,0.0
Ukraine,2023,0.0,0.0,2239.285714285714,4651.469104868916,0.0
United Arab Emirates,2019,1439.0,5.454188706690062,0.0,0.0,63.16646423926173
United Arab Emirates,2020,1854.5,6.768120845234809,0.0,0.0,54.23465661585521
United Arab Emirates,2021,1984.5,5.319597536093924,0.0,0.0,57.07717563546527
United Arab Emirates,2022,3101.625,23.984379449342352,0.0,0.0,61.0906999516163
United Kingdom (England and Wales),2019,33285.833333333336,78.61382823561966,0.0,0.0,47776.19996569352
United Kingdom (England and Wales),2020,17045.166666666668,70.25842699570292,0.0,0.0,60702.61878301476
United Kingdom (England and Wales),2021,21615.5,62.592418086206685,0.0,0.0,41483.95323358513
United Kingdom (England and Wales),2022,0.0,52.42114458022804,0.0,0.0,66985.1361238112
United Kingdom (Northern Ireland),2019,3811.4,2.229932034058142,0.0,4798.443477335117,1253.0384394735188
United Kingdom (Northern Ireland),2020,25402.8,1.772454297212808,0.0,2913.7815150282954,1446.026507048235
United Kingdom (Northern Ireland),2021,268.5,2.009696043987855,0.0,1569.1745933256998,1739.855271689385
United Kingdom (Northern Ireland),2022,1339.625,2.615825143338115,0.0,1836.800949927324,1753.06879778419
United Kingdom (Northern Ireland),2023,34.0,2.101389446808623,0.0,1525.1386975047735,1540.1033233231722
United Kingdom (Scotland),2019,991.7307692307692,4.584826454396115,0.0,0.0,2194.0086080887795
United Kingdom (Scotland),2020,504.61538461538464,4.391110921332974,0.0,1757.6413570523052,2112.5982698238463
United Kingdom (Scotland),2021,633.8076923076923,3.85594856236224,0.0,1535.927016656858,2410.557879054101
United Kingdom (Scotland),2022,451.38461538461536,6.526653695285067,0.0,1601.7410358281186,2307.759275777805
United Kingdom (Scotland),2023,139.75,6.68363793427243,0.0,5604.3412971916505,2294.3284223290234
United Kingdom of Great Britain and Northern Ireland,2019,0.0,0.0,181.12222222222223,0.0,0.0
United Kingdom of Great Britain and Northern Ireland,2020,0.0,0.0,964.0133333333332,0.0,0.0
United Kingdom of Great Britain and Northern Ireland,2021,0.0,0.0,1007.3979591836736,0.0,0.0
United Kingdom of Great Britain and Northern Ireland,2022,0.0,0.0,762.2604166666666,0.0,0.0
United Kingdom of Great Britain and Northern Ireland,2023,0.0,0.0,650.3425925925926,0.0,0.0
United Republic of Tanzania,2019,0.0,908.6399764648472,0.0,0.0,0.0
United Republic of Tanzania,2020,0.0,763.8809020759971,0.0,0.0,0.0
United States of America,2019,1.0863456666666669,1027.361186340465,70695.8,837459.5464275982,241381.68793554985
United States of America,2020,2.2795155,1328.034763936934,78527.5,858116.8690093306,262060.9320395204
United States of America,2021,1.0206129166666666,2556.8749230875437,0.0,172413.49561069172,190256.2530294098
United States of America,2022,2.5137774285714287,2167.5832431309523,0.0,81436.5491140815,190575.78360415608
United States of America,2023,0.0,2104.762097191981,0.0,0.0,0.0
Uruguay,2019,3.99415575,29.252009273913256,0.0,20838.640103050897,373.1705349440886
Uruguay,2020,6.624256666666668,25.94170443355272,808.1666666666666,10021.559927014832,514.5632872767768
Uruguay,2021,5.847970416666667,23.65949590875245,1315.9019607843138,6117.258302976416,537.7355392026824
Uruguay,2022,2.1327091666666664,29.4494165041551,1227.2037037037037,5454.241634649278,561.8812529882913
Uruguay,2023,1.349176,37.45527205508901,0.0,602.8636818085492,542.5545300650324
Uzbekistan,2019,0.6387575,72.3352151266342,50.0,3787.209826301091,156.47323347480082
Uzbekistan,2020,4.0486065,157.88456253722285,32.3125,3880.537539696967,173.2643455208559
Uzbekistan,2021,19.0858745,174.55689740905794,48.0,424.0202566610245,220.26635893277057
Vanuatu,2019,0.0,1.0091878163813386,0.0,0.0,0.0
Vanuatu,2020,0.0,0.5019458683139368,0.0,0.0,0.0
Vanuatu,2021,7.2,0.0,0.0,0.0,0.0
Venezuela (Bolivarian Republic of),2019,46.0,5957.516206697483,0.0,0.0,0.0
Venezuela (Bolivarian Republic of),2020,0.0,4206.73769012196,0.0,0.0,0.0
Venezuela (Bolivarian Republic of),2021,0.0,2731.6395522799808,0.0,0.0,0.0
Venezuela (Bolivarian Republic of),2022,0.0,1790.3233224281423,0.0,0.0,0.0
Viet Nam,2019,9.0,0.0,0.0,0.0,0.0
Zambia,2019,1.0,1.0,1.0,1.0,1.0
Zimbabwe,2019,0.0,137.8692475689199,0.0,0.0,0.0
Zimbabwe,2020,0.0,262.56922113412094,0.0,2506.5650157329296,0.0
Zimbabwe,2021,0.0,330.5167405190068,0.0,2745.09408236858,0.0
Zimbabwe,2022,12.0625904,365.454096326712,0.0,1345.5186393408517,3910.057348489617
Zimbabwe,2023,15.6298402,0.0,38.372093023255815,1570.3613354031008,3884.376413151872
