Country,Year,Access_Justice
Albania,2003,2553.343507839341
Albania,2004,2248.632594653222
Albania,2005,2036.1528512874777
Albania,2006,1861.8210323276096
Albania,2007,1866.5786229547093
Albania,2008,2218.4972321634905
Albania,2009,2324.8125508086414
Albania,2010,2521.890855083865
Albania,2011,2746.8795472488905
Albania,2012,2937.6805645857075
Albania,2013,2210.9502842899874
Albania,2014,3018.684719198832
Albania,2015,4318.527438338864
Albania,2016,3073.829626408574
Albania,2017,2942.81668985269
Albania,2018,3072.9724702081753
Albania,2019,3151.340698218205
Albania,2020,3013.2335351784345
Albania,2021,3153.6011502813926
Albania,2022,2809.0384689697676
Albania,2023,876.0397274067781
Algeria,2003,10781.905522641344
Algeria,2004,504.84252662858233
Algeria,2005,1536.1255957059009
Algeria,2006,66198.57348063962
Algeria,2007,77932.1080589172
Algeria,2008,116614.83499260963
Algeria,2009,124669.57984023938
Algeria,2010,100574.39624905678
Algeria,2011,94566.21919882957
Algeria,2012,63411.483123519516
Algeria,2013,102005.26576564631
Algeria,2014,109525.32518096673
Algeria,2015,109229.98106986951
Algeria,2018,8574.124674641487
Algeria,2019,8648.596813680257
Algeria,2020,6702.71666939972
Algeria,2021,7958.627695808132
Algeria,2022,3866.3998199634643
Algeria,2023,5049.280674908995
Andorra,2005,394.9272630203461
Andorra,2006,351.26343575986357
Andorra,2007,635.4846026754059
Andorra,2008,469.6774717695973
Andorra,2009,394.67568821921304
Andorra,2010,453.7726092236019
Andorra,2011,523.3371412409247
Andorra,2012,378.95268289429146
Andorra,2013,361.8144266957914
Andorra,2014,336.92770477055853
Andorra,2015,308.2327420113413
Andorra,2016,263.09787410901663
Andorra,2017,138.35266903914587
Andorra,2018,170.54462006510389
Andorra,2019,237.52234761061044
Andorra,2020,217.19766089428768
Antigua and Barbuda,2017,206.06110132075113
Antigua and Barbuda,2018,151.24081414190294
Antigua and Barbuda,2019,145.8302502579744
Antigua and Barbuda,2020,201.66229763831717
Antigua and Barbuda,2021,14.37165643374589
Antigua and Barbuda,2022,124.08660060318827
Antigua and Barbuda,2023,11.467970219309763
Argentina,2005,5692.812675996846
Argentina,2006,5638.528267988723
Argentina,2007,7612.475797717571
Argentina,2008,7669.425568944583
Argentina,2009,6762.311633593589
Argentina,2010,8233.855621435645
Argentina,2011,8132.976917486325
Argentina,2012,24103.46052221133
Argentina,2013,7352.229076604599
Argentina,2014,28639.93036674394
Argentina,2015,29568.342162192515
Argentina,2016,4426.765140003229
Argentina,2017,8520.862600226594
Argentina,2018,3434.5425393257988
Argentina,2019,8234.271419627425
Argentina,2020,6088.734523312214
Argentina,2021,5747.174918884062
Argentina,2022,6087.747149101326
Argentina,2023,4193.055982164083
Armenia,2003,801.3628290597067
Armenia,2004,1416.372075147662
Armenia,2005,1175.1761977892802
Armenia,2006,1178.2159897397553
Armenia,2007,960.2279918402878
Armenia,2008,1017.9516628434554
Armenia,2009,1674.4205478119816
Armenia,2010,1910.2899423254614
Armenia,2011,1713.935734998409
Armenia,2012,1682.4286641728206
Armenia,2013,1615.1200837010338
Armenia,2014,1230.9793779953752
Armenia,2015,1181.1162820365246
Armenia,2016,473.14825881352067
Armenia,2017,494.11821758151865
Armenia,2018,1656.6235773924388
Armenia,2020,471.5667571519868
Armenia,2021,438.35778986419245
Armenia,2022,248.25320034333328
Armenia,2023,272.1420610839259
Australia,2003,7747.0585880697845
Australia,2004,71769.90359644145
Australia,2005,75304.6568725879
Australia,2006,87660.37328580848
Australia,2007,85433.6897457987
Australia,2008,87465.37296495134
Australia,2009,69898.50997796569
Australia,2010,63344.92908162371
Australia,2011,63512.00556520452
Australia,2012,57177.443822838766
Australia,2013,58169.0980909171
Australia,2014,60588.82150155757
Australia,2015,62073.28910488371
Australia,2016,33744.247691031684
Australia,2017,31902.321346078304
Australia,2018,68240.49311145388
Australia,2019,123169.20480108594
Australia,2020,29166.20682413265
Australia,2021,29566.387320568218
Australia,2022,28336.86570340754
Australia,2023,13166.874740028232
Austria,2003,10522.503652893494
Austria,2004,43027.397292188245
Austria,2005,38497.50328212433
Austria,2006,37439.342419542576
Austria,2007,38649.89224964838
Austria,2008,37405.15295781538
Austria,2009,32471.74475697245
Austria,2010,29689.534011752796
Austria,2011,29135.27401455711
Austria,2012,29232.54539572929
Austria,2013,29262.686324508446
Austria,2014,28581.728196967168
Austria,2015,32627.74146803989
Austria,2016,23305.55496114111
Austria,2017,23389.75800112443
Austria,2018,23779.69770892375
Austria,2019,25292.98454205521
Austria,2020,19218.467974582618
Austria,2021,18465.518322588003
Austria,2022,18233.750912983567
Austria,2023,7938.216734003674
Azerbaijan,2003,3142.720881599137
Azerbaijan,2004,3532.400318273275
Azerbaijan,2005,3501.024299347884
Azerbaijan,2006,3567.6986997697263
Azerbaijan,2007,3969.8584756765213
Azerbaijan,2008,4028.496931312088
Azerbaijan,2009,2990.3454941315467
Azerbaijan,2010,3746.9746407155853
Azerbaijan,2011,2787.4768035306256
Azerbaijan,2012,3280.61196627454
Azerbaijan,2013,3013.0125320478455
Azerbaijan,2014,2984.399914319575
Azerbaijan,2016,1047.932031889983
Azerbaijan,2017,1068.4072799865417
Azerbaijan,2018,1108.1442383188105
Azerbaijan,2019,1185.6303125285904
Azerbaijan,2020,1059.9102533001105
Azerbaijan,2021,538.1675503813351
Bahamas,2004,241.3881341566065
Bahamas,2005,755.6554864177737
Bahamas,2006,736.1345808837735
Bahamas,2007,735.5032969466613
Bahamas,2008,640.837907969059
Bahamas,2009,719.5241962359461
Bahamas,2010,693.6642475843192
Bahamas,2011,998.3961185433475
Bahamas,2012,718.0109343102437
Bahamas,2016,382.33930971214164
Bahamas,2017,578.4302662074087
Bahamas,2018,353.18002444505277
Bahamas,2019,297.2402145422312
Bahamas,2020,806.9134941857473
Bahamas,2021,1373.6760310784705
Bahamas,2022,2765.399520528619
Bahrain,2003,2351.550281285284
Bahrain,2004,3146.945827720032
Bahrain,2005,4250.567993370058
Bahrain,2006,4777.562672876852
Bahrain,2007,2577.6130060147248
Bahrain,2008,3473.8160697403937
Bangladesh,2005,33045.81921061466
Bangladesh,2006,36590.97575688057
Barbados,2007,489.5944341875567
Barbados,2008,483.0693144128918
Barbados,2009,442.77715863041755
Barbados,2010,456.75565197890063
Barbados,2011,478.10802958589034
Barbados,2012,421.39064733318287
Barbados,2013,416.8765163656446
Barbados,2014,573.2409269310784
Barbados,2015,409.0600274519643
Barbados,2016,177.96216300408878
Barbados,2017,191.9855666562641
Barbados,2018,295.3115343127624
Barbados,2019,258.21352859729285
Barbados,2020,170.6676309380968
Barbados,2021,154.6611868125247
Barbados,2022,285.1378202358098
Belarus,2003,14625.7327419726
Belarus,2004,15921.016066287695
Belarus,2005,15655.550785878871
Belarus,2006,14941.768934233802
Belarus,2007,25310.506106421893
Belarus,2008,23900.58286715409
Belarus,2009,18582.21836161073
Belarus,2010,16073.383300924213
Belarus,2011,14377.682053697119
Belarus,2012,11502.495451509423
Belarus,2013,10821.512509627943
Belarus,2014,10157.040046996293
Belarus,2015,599.7557359617754
Belarus,2016,1461.6155361145748
Belarus,2017,1216.3118379993575
Belarus,2018,340.17588501292875
Belarus,2019,355.22532456029114
Belgium,2003,18334.00525237417
Belgium,2004,18681.5595578744
Belgium,2005,19641.163828467255
Belgium,2006,49721.0620836678
Belgium,2007,51565.723984417666
Belgium,2008,52902.762484152816
Belgium,2009,74889.4255511171
Belgium,2010,63442.49325894141
Belgium,2011,64616.812484885464
Belgium,2012,62156.42551965855
Belgium,2013,59952.11505263848
Belgium,2014,57793.03634930191
Belgium,2015,48846.390000378145
Belgium,2016,94673.49955895646
Belgium,2017,41671.01112484187
Belgium,2018,42911.39808782194
Belgium,2019,37419.22966289708
Belgium,2020,35318.64358781254
Belgium,2021,29466.512456708886
Belgium,2022,26383.429268095948
Belgium,2023,13861.234618089566
Belize,2005,743.337222642269
Belize,2006,654.7089407220986
Belize,2009,1778.3642530404904
Belize,2010,1069.9072897312992
Belize,2011,1033.9394562956895
Belize,2012,1045.2703046722527
Belize,2013,1131.069812739235
Belize,2014,619.9052287160232
Belize,2015,2359.318325835665
Belize,2016,752.2193469326633
Belize,2017,17.75132468652993
Belize,2018,16.419014718858364
Belize,2019,65.83386305593152
Belize,2020,330.73324633486993
Belize,2021,341.3857963415215
Belize,2022,391.5435888702207
Benin,2016,204.23108859442146
Benin,2017,92.59608259730106
Bermuda,2003,92.58971564132978
Bermuda,2004,723.4483574454478
Bermuda,2005,11.027120441389869
Bermuda,2006,12.309661645459835
Bermuda,2010,584.4999450769315
Bermuda,2011,557.4856235044915
Bermuda,2012,284.75936429626375
Bermuda,2013,3791.6153404508814
Bermuda,2014,1720.0354735632543
Bermuda,2015,2948.4273506293644
Bermuda,2016,1298.4478941863983
Bermuda,2017,189.5339278739406
Bermuda,2018,25.724701662486606
Bermuda,2019,27.11158404202068
Bermuda,2020,31.375258373697367
Bermuda,2021,29.925349585447325
Bhutan,2012,2314.722927742951
Bhutan,2013,2385.5635664087868
Bhutan,2016,2405.1738132232244
Bhutan,2017,2453.140519225887
Bolivia (Plurinational State of),2005,9285.851286645888
Bolivia (Plurinational State of),2006,10617.752270484783
Bolivia (Plurinational State of),2007,16934.549453696352
Bolivia (Plurinational State of),2008,6078.24933552739
Bolivia (Plurinational State of),2009,6368.284210965776
Bolivia (Plurinational State of),2010,18199.497538386295
Bolivia (Plurinational State of),2011,18127.48655112041
Bolivia (Plurinational State of),2017,268.2438489940688
Bolivia (Plurinational State of),2018,411.60128467679635
Bolivia (Plurinational State of),2019,7505.525385739336
Bolivia (Plurinational State of),2020,7234.076820047791
Bolivia (Plurinational State of),2021,10217.127060976089
Bolivia (Plurinational State of),2022,5697.772381114513
Bolivia (Plurinational State of),2023,1491.1385324186124
Bosnia and Herzegovina,2005,6993.244981451207
Bosnia and Herzegovina,2006,7890.185524047287
Bosnia and Herzegovina,2007,5396.953431284609
Bosnia and Herzegovina,2008,3409.4004648332652
Bosnia and Herzegovina,2009,4730.530365787462
Bosnia and Herzegovina,2010,4366.487057136032
Bosnia and Herzegovina,2011,4225.182748286975
Bosnia and Herzegovina,2012,4635.879845721587
Bosnia and Herzegovina,2013,4316.267338316635
Bosnia and Herzegovina,2014,3423.4447419234557
Bosnia and Herzegovina,2015,3229.0808569766
Bosnia and Herzegovina,2016,1194.9987936592627
Bosnia and Herzegovina,2017,1614.6440668834962
Bosnia and Herzegovina,2018,1317.1570814537115
Bosnia and Herzegovina,2019,1145.8271446097585
Bosnia and Herzegovina,2020,2089.1279655877365
Bosnia and Herzegovina,2021,1229.359009659164
Bosnia and Herzegovina,2022,1124.5680856811073
Bosnia and Herzegovina,2023,616.4994480692734
Botswana,2009,34062.64183588917
Botswana,2010,33159.12117716302
Botswana,2011,23058.16009179013
Botswana,2013,361.63971245151953
Botswana,2014,20836.49830344137
Brazil,2006,179973.3696797426
Brazil,2007,150418.2330417361
Brazil,2008,173051.85646465395
Brazil,2009,166410.09076575513
Brazil,2010,137856.63274522132
Brazil,2011,258217.6585635768
Brazil,2012,243751.24660294934
Brazil,2013,268144.0318904763
Brazil,2014,34057.51300866806
Brazil,2020,134731.9138820377
Brazil,2021,137816.36130719888
Brazil,2022,139165.6413491979
Brazil,2023,96253.1489538505
Brunei Darussalam,2003,551.2573571199844
Brunei Darussalam,2004,605.95885099291
Brunei Darussalam,2005,1035.6247219439922
Brunei Darussalam,2006,994.8506457645389
Bulgaria,2003,12315.478014982
Bulgaria,2004,12289.293326635736
Bulgaria,2005,11953.898417462573
Bulgaria,2006,11565.042676901821
Bulgaria,2007,10706.622547094003
Bulgaria,2008,11420.020797445506
Bulgaria,2009,11055.944855426571
Bulgaria,2010,11283.80660419489
Bulgaria,2011,10284.783540176863
Bulgaria,2012,9409.411454048584
Bulgaria,2013,8818.216648978721
Bulgaria,2014,7841.760008847492
Bulgaria,2015,7261.976082294637
Bulgaria,2016,4350.577750185701
Bulgaria,2017,3862.191561032992
Bulgaria,2018,3823.532710146172
Bulgaria,2019,3696.264025504723
Bulgaria,2020,3619.2298153800575
Bulgaria,2021,3751.8779433630166
Bulgaria,2022,3755.125313099398
Bulgaria,2023,1547.1732906324683
Burkina Faso,2006,536.456420340974
Burkina Faso,2007,2195.2168931744227
Burkina Faso,2008,764.7293247426137
Burkina Faso,2009,826.729131603557
Burkina Faso,2010,873.1142636372841
Burkina Faso,2011,872.4549861276391
Burundi,2006,7484.460413303767
Burundi,2007,4902.336863078259
Burundi,2008,2897.418848082748
Burundi,2009,3640.739636226089
Burundi,2010,2588.481569097611
Burundi,2011,4289.060785252858
Burundi,2012,4534.861447370316
Burundi,2013,5480.516657699785
Burundi,2014,7058.80458046399
Cabo Verde,2008,866.60946335431
Cabo Verde,2009,1096.9772375681875
Cabo Verde,2010,3519.5053213661845
Cabo Verde,2011,4286.550843050055
Cabo Verde,2012,4910.264858483655
Cabo Verde,2013,1959.6737883742492
Cabo Verde,2014,4745.893979999044
Cabo Verde,2015,2218.5801616335875
Cameroon,2010,854.0704553004856
Cameroon,2011,949.1682771440237
Cameroon,2012,10484.391692298754
Cameroon,2013,6902.784243717103
Cameroon,2014,1649.4433724587875
Cameroon,2016,1873.2864351030696
Cameroon,2017,2244.2628660899154
Cameroon,2020,1276.1001447393833
Cameroon,2021,1296.8001619571671
Cameroon,2022,1449.476583949424
Canada,2003,83158.29561568562
Canada,2004,83412.96567401885
Canada,2005,83395.1928939915
Canada,2006,83788.90305608272
Canada,2007,85794.52364312412
Canada,2008,87107.27765535969
Canada,2009,70546.79803661296
Canada,2010,69987.02654675739
Canada,2011,67112.01213013551
Canada,2012,66043.28808230361
Canada,2013,86350.35744125069
Canada,2014,75658.36785282614
Canada,2015,147863.7380742412
Canada,2016,40371.63420094399
Canada,2017,40239.994456463624
Canada,2018,161306.60870339742
Canada,2019,48036.62634174868
Canada,2020,23443.429355334305
Canada,2021,34020.51029524461
Canada,2022,18615.631280138437
Canada,2023,26500.916584535466
Chile,2003,175442.9335828078
Chile,2004,129988.65290527296
Chile,2005,117255.7929211068
Chile,2006,89240.00452346924
Chile,2007,81125.04563489047
Chile,2008,86524.23610871498
Chile,2009,89715.9822247862
Chile,2010,76319.85622213068
Chile,2011,74077.64869883403
Chile,2012,71724.4834982817
Chile,2013,69768.45237719313
Chile,2014,68633.26024358987
Chile,2015,67607.18919760022
Chile,2016,32806.18480436268
Chile,2017,28560.10994177444
Chile,2018,36256.0125347933
Chile,2019,29533.095642588312
Chile,2020,28653.714809393852
Chile,2021,24156.263189880414
Chile,2022,30987.619621443588
Chile,2023,3737.0308616366906
China,2010,270579.3967815609
China,2011,302646.60763484606
China,2012,311538.43111617817
China,2013,305665.7778167447
China,2014,228246.97353080483
China,2015,228892.88540738908
China,2016,231558.33238557208
China,2017,19232.945001401964
China,2022,111849.34753742143
"China, Hong Kong Special Administrative Region",2003,6413.969210937633
"China, Hong Kong Special Administrative Region",2004,8580.114003875393
"China, Hong Kong Special Administrative Region",2005,8218.515201087475
"China, Hong Kong Special Administrative Region",2006,7936.967213550346
"China, Hong Kong Special Administrative Region",2007,7659.441616090582
"China, Hong Kong Special Administrative Region",2008,7480.38475860784
"China, Hong Kong Special Administrative Region",2009,6879.561826665021
"China, Hong Kong Special Administrative Region",2010,6551.355229758561
"China, Hong Kong Special Administrative Region",2011,5853.277514522197
"China, Hong Kong Special Administrative Region",2012,5787.845460947649
"China, Hong Kong Special Administrative Region",2013,5631.578108786676
"China, Hong Kong Special Administrative Region",2017,12412.00877759602
"China, Hong Kong Special Administrative Region",2018,5348.602445727603
"China, Hong Kong Special Administrative Region",2019,4934.591937982109
"China, Hong Kong Special Administrative Region",2020,4066.7211839810834
"China, Hong Kong Special Administrative Region",2021,4158.9411529625195
"China, Hong Kong Special Administrative Region",2022,3983.5802366488233
"China, Hong Kong Special Administrative Region",2023,1704.2951899802417
"China, Macao Special Administrative Region",2008,1529.7746944563655
"China, Macao Special Administrative Region",2009,1249.328204080017
"China, Macao Special Administrative Region",2010,1380.2052443906023
"China, Macao Special Administrative Region",2011,1297.4865333555083
"China, Macao Special Administrative Region",2012,1276.3650390947407
"China, Macao Special Administrative Region",2013,1317.1961989289132
"China, Macao Special Administrative Region",2014,1099.7569235242527
"China, Macao Special Administrative Region",2015,1186.190912429615
"China, Macao Special Administrative Region",2016,656.7644326456377
"China, Macao Special Administrative Region",2017,671.6605501346553
"China, Macao Special Administrative Region",2018,551.5736952997395
"China, Macao Special Administrative Region",2019,597.8698418021164
"China, Macao Special Administrative Region",2020,505.8682526945278
"China, Macao Special Administrative Region",2021,480.7557219977285
"China, Macao Special Administrative Region",2022,700.4569252526798
Colombia,2004,87906.8763106122
Colombia,2005,60201.025598109794
Colombia,2006,80218.06311942224
Colombia,2007,57639.89754538979
Colombia,2008,45280.98152259529
Colombia,2009,29494.810433272105
Colombia,2010,31952.097164545674
Colombia,2011,32496.162334346405
Colombia,2012,34298.28820217932
Colombia,2013,36140.13893791393
Colombia,2014,32915.64674025137
Colombia,2015,34592.00740064418
Colombia,2016,111911.31397189072
Colombia,2017,16159.846637913764
Colombia,2018,29575.030764874893
Colombia,2019,27765.54949103788
Colombia,2020,13114.180763748544
Colombia,2021,13147.934576925563
Colombia,2022,15250.15345566048
Colombia,2023,6544.9559221320105
Costa Rica,2003,1195.4242758015332
Costa Rica,2004,1402.3909326011774
Costa Rica,2005,6771.921786579998
Costa Rica,2006,6575.093210694899
Costa Rica,2007,8834.672197946576
Costa Rica,2008,10445.477132115804
Costa Rica,2009,13542.003422603404
Costa Rica,2010,13934.344364834475
Costa Rica,2011,11354.276131143653
Costa Rica,2012,8912.59791068185
Costa Rica,2013,10726.58627569815
Costa Rica,2014,2420.1368762019274
Costa Rica,2015,4540.830104875667
Costa Rica,2016,296.99550603075164
Costa Rica,2017,597.807067905469
Costa Rica,2018,3241.4206663764853
Costa Rica,2019,2594.986544168394
Costa Rica,2020,1878.7928268365936
Costa Rica,2021,1587.3742525439925
Costa Rica,2022,906.2602473613414
Costa Rica,2023,530.3360935055487
Croatia,2003,11535.038412760996
Croatia,2004,9609.034017268412
Croatia,2005,8732.960201667536
Croatia,2006,9134.639113423766
Croatia,2007,9312.552892361997
Croatia,2008,9161.289313903611
Croatia,2009,5885.637352678815
Croatia,2010,5093.051446914936
Croatia,2011,6840.067532169818
Croatia,2012,6178.970568072079
Croatia,2013,5568.322341300283
Croatia,2014,4834.355662900299
Croatia,2015,5044.08474409707
Croatia,2016,2762.1757034636157
Croatia,2017,2393.2579053387003
Croatia,2018,2215.7177383697353
Croatia,2019,2245.153092243875
Croatia,2020,2103.061763220633
Croatia,2021,2165.603505178608
Croatia,2022,2205.9381779123682
Croatia,2023,1275.0068917320443
Cyprus,2003,12442.869508165015
Cyprus,2004,12427.315476880523
Cyprus,2005,11707.534857827257
Cyprus,2006,13149.086897302584
Cyprus,2007,14751.88171290928
Cyprus,2008,13046.435927637109
Cyprus,2009,15350.822886572661
Cyprus,2010,16184.320169427949
Cyprus,2011,18606.479633534458
Cyprus,2012,16884.062478084918
Cyprus,2013,13863.52972756721
Cyprus,2014,16331.485105681013
Cyprus,2015,12654.14595596867
Cyprus,2016,11921.862525134133
Cyprus,2017,8806.300853477433
Cyprus,2018,4618.8078689540525
Cyprus,2019,6508.822070964695
Cyprus,2020,3668.6714313389803
Cyprus,2021,3302.5528444228576
Cyprus,2022,478.27370167571746
Cyprus,2023,500.3788835744592
Czechia,2003,11820.469441048963
Czechia,2004,20472.703980139828
Czechia,2005,19664.65616329171
Czechia,2006,18493.418610722918
Czechia,2007,19283.983089204907
Czechia,2008,22625.064859770202
Czechia,2009,22792.348449317175
Czechia,2010,24174.044806832742
Czechia,2011,22681.845453448077
Czechia,2012,22657.843495689984
Czechia,2013,23354.23123763326
Czechia,2014,22546.84914826328
Czechia,2015,20260.864769547356
Czechia,2016,8984.275995913682
Czechia,2017,8350.436826469013
Czechia,2018,7741.656282126703
Czechia,2019,7869.143689875671
Czechia,2020,6172.207769249597
Czechia,2021,6025.707974848834
Czechia,2022,5331.820099599521
Czechia,2023,2290.4755924919054
Côte d’Ivoire,2008,4168.951034004443
Denmark,2003,12388.972169035704
Denmark,2004,12284.722010203164
Denmark,2005,10787.959965276033
Denmark,2006,10345.92449708637
Denmark,2007,40765.027656176404
Denmark,2008,30205.31532078753
Denmark,2009,23157.43691156403
Denmark,2010,24376.568513913102
Denmark,2011,24567.255780280782
Denmark,2012,24733.101726521538
Denmark,2013,20274.56126683695
Denmark,2014,16942.30538390539
Denmark,2015,20626.215774571887
Denmark,2016,9491.308271510048
Denmark,2017,8999.774211166547
Denmark,2018,9509.600962178512
Denmark,2019,6463.237058635693
Denmark,2020,6697.7395964864045
Denmark,2021,6200.330880009916
Denmark,2022,6324.491556174676
Denmark,2023,3795.472595436938
Djibouti,2018,14.349481799302534
Dominica,2014,201.54821096159034
Dominica,2015,185.45187118307055
Dominica,2016,31.8794706672509
Dominica,2017,18.59706028775193
Dominica,2018,113.73357456156435
Dominica,2019,107.48427795906044
Dominica,2020,62.51554601555491
Dominica,2021,47.81426468534592
Dominica,2022,17.78668028401907
Dominican Republic,2005,6706.996057018017
Dominican Republic,2006,6651.249324804434
Dominican Republic,2007,2274.0984495632138
Dominican Republic,2008,2077.880957638724
Dominican Republic,2009,2280.178373515319
Dominican Republic,2010,272.74944183784913
Dominican Republic,2011,242.9181495344459
Dominican Republic,2012,13673.808629300232
Dominican Republic,2013,14833.601838047662
Dominican Republic,2014,15528.466039997382
Dominican Republic,2015,36770.53782323601
Dominican Republic,2016,8983.137387649702
Dominican Republic,2018,794.5010210902775
Dominican Republic,2019,4545.785209874667
Dominican Republic,2020,1032.2491147983596
Dominican Republic,2021,1293.8438032628428
Dominican Republic,2022,13130.382902928824
Ecuador,2003,2529.2019128798906
Ecuador,2004,4422.006935020582
Ecuador,2005,14360.541004384095
Ecuador,2006,19664.26724858637
Ecuador,2009,7608.481515028257
Ecuador,2010,7966.58252697292
Ecuador,2011,8453.247007617956
Ecuador,2012,7777.062350569654
Ecuador,2013,8609.987836921457
Ecuador,2014,8940.016798928269
Ecuador,2019,13672.307494710594
Ecuador,2020,7668.1858388766705
Ecuador,2021,6124.138985114294
Ecuador,2022,5307.542020440311
Ecuador,2023,3304.2600658018723
Egypt,2003,55564.27870395836
Egypt,2004,86993.31906736532
Egypt,2005,1042400.3283819798
Egypt,2006,653380.863716215
Egypt,2007,24943.179601483098
Egypt,2008,24211.791901644967
Egypt,2009,21694.88032506947
Egypt,2010,22288.86840932374
Egypt,2011,13423.722909716973
El Salvador,2005,10216.738959686503
El Salvador,2006,3363.250959953653
El Salvador,2007,11088.03657860558
El Salvador,2008,11088.842840525187
El Salvador,2009,10382.018639670652
El Salvador,2010,13348.338768443436
El Salvador,2011,11598.740713978543
El Salvador,2012,9439.528308438183
El Salvador,2013,9230.781539561742
El Salvador,2014,9650.123306818727
El Salvador,2015,9036.436424801923
El Salvador,2016,3626.239554376214
El Salvador,2017,7174.158210202074
El Salvador,2018,3080.0509230842354
El Salvador,2019,3015.740749358879
El Salvador,2020,2827.5527044635055
El Salvador,2021,2712.369060651961
El Salvador,2022,8188.880462657573
El Salvador,2023,375.3561334241153
Estonia,2003,3240.8913940256048
Estonia,2004,3725.2363671188164
Estonia,2005,980.6561102817845
Estonia,2006,2269.0753456784028
Estonia,2007,2994.0026822418736
Estonia,2008,3177.1469351172786
Estonia,2009,2993.227251850694
Estonia,2010,2511.7466583073497
Estonia,2011,2472.6314014875416
Estonia,2012,1501.9069339349692
Estonia,2013,1364.869730177838
Estonia,2014,1066.482308216656
Estonia,2015,1015.1376824162315
Estonia,2016,957.2142271697913
Estonia,2017,524.6116086348782
Estonia,2018,700.2112788273625
Estonia,2019,691.5624965495547
Estonia,2020,339.12018008986445
Estonia,2021,324.9158460773258
Estonia,2022,287.5223186621878
Estonia,2023,170.4560454174736
Eswatini,2003,4889.732996625105
Eswatini,2004,4672.946869509489
Eswatini,2005,182.75015453816258
Eswatini,2006,230.1840652652623
Faroe Islands,2009,21.4364127576642
Faroe Islands,2010,21.53201714778025
Faroe Islands,2011,21.6034130262444
Faroe Islands,2012,21.555738079890197
Faroe Islands,2013,21.4989074037635
Faroe Islands,2014,233.0379569193968
Finland,2003,49416.52092235594
Finland,2004,50234.49950279398
Finland,2005,50719.13089607317
Finland,2006,49502.091456625385
Finland,2007,54097.10522534481
Finland,2008,53593.4283781984
Finland,2009,48683.666854918585
Finland,2010,48858.03452932702
Finland,2011,45471.496050085036
Finland,2012,42725.14753206415
Finland,2013,50589.39516308606
Finland,2014,42469.36175590613
Finland,2015,53091.25330795934
Finland,2016,21774.593404793864
Finland,2017,18821.59447697275
Finland,2018,19188.083386751136
Finland,2019,18305.290192094042
Finland,2020,15324.68335226282
Finland,2021,10612.436697713116
Finland,2022,10059.063832385431
Finland,2023,5822.101280532313
France,2003,189519.31600256826
France,2004,202603.53516592135
France,2005,213708.07326169827
France,2006,235633.7995111389
France,2007,243473.50486526004
France,2008,228308.08500266782
France,2009,209384.67274954074
France,2010,225299.92407608693
France,2011,201493.89819268888
France,2012,201118.09727957033
France,2013,157007.2658621154
France,2014,156816.6564860439
France,2015,146127.72245647246
France,2016,71451.45549561222
France,2017,71708.94366873673
France,2018,76037.55396897522
France,2019,89805.62940357634
France,2020,75498.66896533659
France,2021,96909.67769373996
France,2022,78362.9596844514
France,2023,39773.765844061236
Georgia,2003,1594.086072075199
Georgia,2004,1825.9939577984383
Georgia,2005,2849.477112772488
Georgia,2006,4572.611776947337
Georgia,2007,5737.215991434233
Georgia,2008,5141.401791828351
Georgia,2009,4282.543815341587
Georgia,2010,4334.576673487042
Georgia,2011,4635.68873561412
Georgia,2012,54.03847738040415
Georgia,2014,3593.8664550156973
Georgia,2015,126.24403661013999
Georgia,2016,1531.2661255113276
Georgia,2017,639.727476167559
Germany,2003,339818.5266767721
Germany,2004,323265.1531692283
Germany,2005,297515.9753646575
Germany,2006,291311.01932858425
Germany,2007,400438.3226213448
Germany,2008,360658.1515277163
Germany,2009,329370.8341979846
Germany,2010,257803.9665554171
Germany,2011,270455.77333053225
Germany,2012,234028.3881366425
Germany,2013,264066.856290941
Germany,2014,235920.99320835253
Germany,2015,416609.4780765092
Germany,2016,225491.69723593481
Germany,2017,158803.40984625506
Germany,2018,155516.67485973565
Germany,2019,154827.99867459008
Germany,2020,151577.2079869051
Germany,2021,161729.78052520196
Germany,2022,125415.79479747127
Germany,2023,20310.59938464715
Greece,2004,45432.50125712323
Greece,2005,38586.80261162802
Greece,2006,36848.69886344493
Greece,2007,35891.00662513164
Greece,2008,39903.794594960265
Greece,2009,38034.18545276261
Greece,2010,48648.827883209124
Greece,2011,27617.37320420663
Greece,2012,26093.892568628784
Greece,2013,18386.88784685982
Greece,2014,21549.181509611248
Greece,2015,14430.2064094469
Greece,2016,12784.36221953052
Greece,2017,12221.541013672746
Greece,2018,11814.877096298784
Greece,2019,9271.21005612124
Greece,2020,7385.043933058108
Greece,2021,5858.8410152282395
Greece,2022,6511.0447379010575
Greece,2023,2581.4367798377816
Grenada,2005,738.7137522839215
Grenada,2006,1177.2240896358544
Grenada,2007,659.3726557477253
Grenada,2008,742.7249074207667
Grenada,2009,1040.5580069031225
Grenada,2010,1241.5128951936347
Grenada,2011,1536.083120347742
Grenada,2012,1126.8903732670062
Grenada,2013,1167.6348912210208
Grenada,2014,514.0739497859925
Grenada,2015,1424.8427787854482
Grenada,2016,630.5031402628465
Grenada,2017,344.6370981248231
Grenada,2018,265.20684193238895
Grenada,2019,107.5847466661023
Grenada,2020,200.68179506794678
Grenada,2021,443.33448572495155
Grenada,2022,557.619030930332
Grenada,2023,46.72356061188413
Guatemala,2003,45.0
Guatemala,2004,22475.88711887079
Guatemala,2005,14030.062246246522
Guatemala,2006,12251.596358946523
Guatemala,2007,9728.548869212545
Guatemala,2008,10751.717769946754
Guatemala,2009,11389.983091067981
Guatemala,2010,9339.338674060575
Guatemala,2011,8830.63655716826
Guatemala,2012,7698.880974081946
Guatemala,2013,9226.482190561313
Guatemala,2014,9280.670072749708
Guatemala,2015,3767.441398975678
Guatemala,2016,3625.649813507606
Guatemala,2017,3905.09627385547
Guatemala,2018,1475.2773460130252
Guatemala,2019,4008.9137454796232
Guatemala,2020,6805.8005314775355
Guatemala,2021,5380.312286123931
Guatemala,2022,5502.031529072057
Guatemala,2023,3103.400964027575
Guinea,2006,2329.4143456576703
Guinea,2007,2291.472719509644
Guinea,2008,2836.8719267134493
Guinea-Bissau,2014,26.964572423824286
Guinea-Bissau,2015,26.927406712673946
Guinea-Bissau,2016,26.8920023189121
Guinea-Bissau,2017,26.858499130160997
Guyana,2004,223.97000595473875
Guyana,2005,4672.496101618141
Guyana,2006,4069.526099636809
Guyana,2007,6410.01300680024
Guyana,2008,6463.532664154541
Guyana,2009,4420.008899923344
Guyana,2010,2314.070437135322
Guyana,2011,3989.487400321544
Guyana,2012,3681.367582241988
Guyana,2013,3485.1958419477687
Guyana,2014,394.6467240792327
Guyana,2015,5290.727001644062
Guyana,2016,2163.5256125776405
Guyana,2017,406.832970507485
Guyana,2018,3003.803716016544
Guyana,2019,1378.1056259028528
Guyana,2020,2170.931905779229
Guyana,2021,671.8626350654228
Guyana,2022,1363.0780523279204
Guyana,2023,422.43531376219767
Holy See,2009,725.5818943329112
Holy See,2010,734.7557235625918
Holy See,2011,742.3656830810504
Holy See,2012,772.4239157009424
Holy See,2013,873.3688070648097
Holy See,2014,864.1359409743269
Holy See,2015,1044.8436857260401
Holy See,2021,0.0
Holy See,2022,0.0
Holy See,2023,484.50571812983515
Honduras,2007,46.08074244028101
Honduras,2008,41.00545473016393
Honduras,2009,85.02565373673434
Honduras,2010,491.5563245606931
Honduras,2011,2914.484300615075
Honduras,2012,2953.8330503180323
Honduras,2013,3539.6367594272992
Honduras,2014,811.8600810592596
Honduras,2015,3194.7123184583756
Honduras,2016,1346.2638664302876
Honduras,2017,478.7162625696349
Honduras,2018,4091.4737603454632
Honduras,2019,1435.1099249373985
Honduras,2020,1225.4377399291911
Honduras,2021,2101.2205617901327
Honduras,2022,1448.7405103262245
Honduras,2023,453.9966772721518
Hungary,2003,27834.382699978534
Hungary,2004,26225.818981783385
Hungary,2005,26406.78167937086
Hungary,2006,25538.41121402712
Hungary,2007,23797.413718541815
Hungary,2008,23071.27562881508
Hungary,2009,22855.075315028254
Hungary,2010,24921.85696501453
Hungary,2011,22187.051464624263
Hungary,2012,20304.337613756594
Hungary,2013,20174.34556372892
Hungary,2014,16241.875500160095
Hungary,2015,18902.492640151737
Hungary,2016,7325.897413310511
Hungary,2017,6756.798595880476
Hungary,2018,6083.629622071973
Hungary,2019,10698.330373919112
Hungary,2020,8919.155653682868
Hungary,2021,9349.996813559808
Hungary,2022,9052.031922452918
Hungary,2023,4473.888538353717
Iceland,2003,849.0847732256004
Iceland,2004,624.020507515355
Iceland,2005,348.2593406426813
Iceland,2006,358.96337352543054
Iceland,2007,649.7040424690476
Iceland,2008,393.92032557343276
Iceland,2009,614.1207037608965
Iceland,2010,218.5039115785238
Iceland,2011,1066.92868697456
Iceland,2012,664.9287526490131
Iceland,2013,333.0176628076056
Iceland,2014,512.7778647125426
Iceland,2015,588.4456872079445
Iceland,2016,454.13182719817183
Iceland,2017,479.5739108245636
Iceland,2018,481.6573789726062
Iceland,2019,572.201586242338
Iceland,2020,588.0740272032464
Iceland,2021,462.41338372803835
Iceland,2022,379.6615754072902
Iceland,2023,92.49113666466697
India,2004,873170.1490446744
India,2005,945399.5037319333
India,2006,961313.4383427055
India,2007,989457.4174601295
India,2008,1025292.8415016023
India,2009,1037160.6420088939
India,2010,1075024.1183667304
India,2011,1117072.5228224592
India,2012,1150263.2640837154
India,2013,1211089.1592260597
India,2016,30383.260584764594
India,2017,31932.348385703634
India,2018,28542.742866316028
India,2019,26820.097378072674
India,2020,26969.589333602442
India,2021,26788.727461429648
Indonesia,2010,194749.53625403595
Indonesia,2017,5854.1889183294
Indonesia,2018,10163.263448974963
Indonesia,2019,10542.367490161021
Indonesia,2020,6193.502880312255
Indonesia,2021,15331.621052350793
Indonesia,2022,26579.86253857362
Iraq (Central Iraq),2008,10199.356028022756
Iraq (Central Iraq),2009,12002.738380803408
Iraq (Central Iraq),2010,12284.963674675013
Iraq (Central Iraq),2011,25177.984673015588
Iraq (Central Iraq),2012,26185.91643900264
Iraq (Central Iraq),2013,29610.4654551696
Iraq (Central Iraq),2014,29805.20317336972
Iraq (Kurdistan Region),2008,285.8562716577703
Iraq (Kurdistan Region),2009,694.5843812479584
Iraq (Kurdistan Region),2010,665.4393137745066
Iraq (Kurdistan Region),2011,668.503301829678
Iraq (Kurdistan Region),2012,697.9922066489014
Iraq (Kurdistan Region),2013,778.4404119493813
Ireland,2003,3581.632685449425
Ireland,2004,3018.1118201232007
Ireland,2005,4895.546288051551
Ireland,2006,5506.884253844729
Ireland,2007,1439.2290391766223
Ireland,2008,1490.5011182011945
Ireland,2009,13387.666332432827
Ireland,2010,7209.892123598872
Ireland,2011,6643.028540101774
Ireland,2012,5751.0741285560625
Ireland,2013,1697.6821653478567
Ireland,2014,35696.60632799287
Ireland,2015,55761.98134649282
Ireland,2018,3128.753772789248
Ireland,2019,7506.76128098237
Ireland,2020,7172.705923153207
Ireland,2021,6746.764589527908
Ireland,2022,6842.330325710363
Ireland,2023,2557.6519238954334
Israel,2003,9295.848535904423
Israel,2004,13327.193691693421
Israel,2005,14480.722133344312
Israel,2006,14621.747503307344
Israel,2007,13878.97221839397
Israel,2008,14342.63988148878
Israel,2009,13834.691528579877
Israel,2010,12881.548439689679
Israel,2011,26360.45410651621
Israel,2014,3421.281099428036
Israel,2019,5368.718721295996
Israel,2020,2269.3823499040177
Israel,2021,4359.584533413352
Israel,2022,1505.0744923750287
Israel,2023,11113.783783696188
Italy,2003,132826.9323664345
Italy,2004,130794.65144031704
Italy,2005,159636.515152694
Italy,2006,128602.6347479286
Italy,2007,117413.3677837668
Italy,2008,121491.29459016483
Italy,2009,149300.4188185371
Italy,2010,147888.12969034628
Italy,2011,141224.28034380346
Italy,2012,143133.0155284423
Italy,2013,145500.9248179089
Italy,2014,125726.56528480777
Italy,2015,146099.30035165552
Italy,2016,115772.0572626707
Italy,2017,111242.82044412594
Italy,2018,117823.57952078088
Italy,2019,88714.16758981998
Italy,2020,60894.87560794899
Italy,2021,59619.384981416544
Italy,2022,58877.117748558565
Italy,2023,23401.23918449595
Jamaica,2005,973.4265769665831
Jamaica,2006,530.4376584501665
Jamaica,2007,576.4878730031924
Jamaica,2008,587.024979183746
Jamaica,2009,2024.0964949698482
Jamaica,2010,1098.8616529987244
Jamaica,2011,1824.2748286674105
Jamaica,2012,584.3431646606047
Jamaica,2013,573.5563549350196
Jamaica,2014,1100.725544935318
Jamaica,2015,4127.710585134739
Jamaica,2016,3867.723018654137
Jamaica,2017,1366.8501728108358
Jamaica,2018,1375.8436320987935
Jamaica,2019,3309.042731640002
Jamaica,2020,1813.280181493885
Jamaica,2021,2265.299307650013
Jamaica,2022,1322.5166609654177
Jamaica,2023,274.21405113240604
Japan,2003,102564.99532466967
Japan,2004,93109.34997211263
Japan,2005,81144.72981631091
Japan,2006,78424.60120177445
Japan,2007,77769.37856518415
Japan,2008,66175.11341066517
Japan,2009,53829.81961785881
Japan,2010,51601.99472804111
Japan,2011,46090.32721496915
Japan,2012,44011.51925157282
Japan,2013,44674.74297417616
Japan,2014,45665.054016576054
Japan,2015,101765.39717999838
Japan,2016,21155.71386409689
Japan,2018,9835.243467185792
Japan,2019,88119.22023771284
Japan,2020,22047.01344079456
Japan,2021,21417.29336254506
Japan,2022,21590.85166341892
Japan,2023,8778.356105656434
Jordan,2005,1607.4748453977986
Jordan,2006,1172.1237235514593
Jordan,2007,80.8335630752183
Jordan,2008,87.90655691158219
Jordan,2009,93.11919867905458
Jordan,2010,522.3110789150428
Jordan,2011,624.614840415463
Jordan,2012,887.7991666641954
Jordan,2019,1257.5073025948586
Jordan,2020,2336.1943690446324
Jordan,2021,1545.3392439209438
Jordan,2022,1738.8114752510903
Jordan,2023,1802.1173324328636
Kazakhstan,2003,28631.671318636138
Kazakhstan,2004,11015.159872867525
Kazakhstan,2005,16231.004066386058
Kazakhstan,2006,13412.91535789631
Kazakhstan,2007,15182.784816564888
Kazakhstan,2008,13443.612352473472
Kazakhstan,2009,13580.269998221233
Kazakhstan,2010,14366.256511839469
Kazakhstan,2011,13861.70370821525
Kazakhstan,2012,15152.110756878856
Kazakhstan,2013,15885.741224496609
Kazakhstan,2014,17001.32758439389
Kazakhstan,2015,16430.62313219527
Kazakhstan,2017,5213.301411017444
Kazakhstan,2018,22162.69519345906
Kazakhstan,2019,4383.813933280137
Kazakhstan,2020,4434.981453829341
Kenya,2004,14943.591424378174
Kenya,2005,10105.986470756923
Kenya,2006,34728.97693337266
Kenya,2007,52734.835270215226
Kenya,2008,45779.30128198531
Kenya,2009,62402.04530651435
Kenya,2010,37520.33706354228
Kenya,2011,35369.59795221916
Kenya,2012,35639.37726601583
Kenya,2013,33743.62720739976
Kenya,2014,36826.74544092654
Kenya,2015,14210.927718514165
Kenya,2016,10591.455896805062
Kenya,2017,3607.678137243449
Kenya,2018,5480.966442646022
Kenya,2019,9278.168434851083
Kenya,2020,9838.83941299141
Kenya,2021,8358.025461878486
Kosovo under UNSCR 1244,2008,4508.669265335376
Kosovo under UNSCR 1244,2009,3922.601179771612
Kosovo under UNSCR 1244,2010,3214.2144924636805
Kosovo under UNSCR 1244,2011,4541.756481756608
Kosovo under UNSCR 1244,2012,4848.038732914778
Kosovo under UNSCR 1244,2013,4943.145865074591
Kosovo under UNSCR 1244,2014,4800.314190469062
Kosovo under UNSCR 1244,2015,4505.804733317594
Kosovo under UNSCR 1244,2016,2619.702386512151
Kosovo under UNSCR 1244,2017,3754.146806102469
Kosovo under UNSCR 1244,2018,3928.3740113188846
Kosovo under UNSCR 1244,2019,3646.239710041398
Kosovo under UNSCR 1244,2020,2662.62819323582
Kosovo under UNSCR 1244,2021,1087.0314195879228
Kuwait,2004,60.68852031953527
Kuwait,2005,72.6071339796172
Kuwait,2006,93.28478166778625
Kuwait,2007,94.10861625914889
Kuwait,2008,83.53610838039458
Kuwait,2009,2011.2102437359686
Kyrgyzstan,2003,3892.2553899453646
Kyrgyzstan,2004,3586.990251153124
Kyrgyzstan,2005,3879.071741621315
Kyrgyzstan,2006,3827.267649139038
Kyrgyzstan,2007,3326.5977514324877
Kyrgyzstan,2008,3311.993719446571
Kyrgyzstan,2009,3960.347178218074
Kyrgyzstan,2010,3035.4263578478162
Kyrgyzstan,2011,3081.4992564515746
Kyrgyzstan,2012,3062.626571933329
Kyrgyzstan,2013,3046.2251216014233
Kyrgyzstan,2014,2865.65422823278
Kyrgyzstan,2015,3405.8742757132954
Kyrgyzstan,2016,1248.0649201744766
Kyrgyzstan,2017,1234.8046285771213
Kyrgyzstan,2018,1437.3531205320214
Kyrgyzstan,2021,102.63303377834855
Kyrgyzstan,2022,389.7741764125071
Kyrgyzstan,2023,375.7378481393022
Latvia,2003,3233.0328569356534
Latvia,2004,3142.1108912492296
Latvia,2005,3266.2654752980848
Latvia,2006,3523.0086844520147
Latvia,2007,3873.9947152906343
Latvia,2008,4323.305462408588
Latvia,2009,3775.0454598913097
Latvia,2010,3660.939849979849
Latvia,2011,3350.6274870815505
Latvia,2012,3454.9561585707006
Latvia,2013,2961.9887813109062
Latvia,2014,2362.064382947551
Latvia,2015,2460.6053684769163
Latvia,2016,1632.605279363421
Latvia,2017,1600.428512578689
Latvia,2018,1388.7405896267353
Latvia,2019,1386.741651408401
Latvia,2020,1264.20213003165
Latvia,2021,1254.8309568673662
Latvia,2022,869.6148383665942
Latvia,2023,303.69457143980327
Lebanon,2005,9717.677847325964
Lebanon,2006,12094.819294446708
Lebanon,2008,18170.545723412288
Lebanon,2009,13033.133024362518
Lebanon,2010,13232.572462632566
Lebanon,2011,13604.051311627212
Lebanon,2012,13378.340015082867
Lebanon,2013,12743.060331629786
Lebanon,2014,3446.4584067834985
Lebanon,2015,13772.041366671667
Lebanon,2016,5640.313502308495
Lebanon,2017,5697.173974739919
Lebanon,2019,194.55049007747567
Lebanon,2021,163.81560998660137
Lebanon,2022,137.60443068603934
Lesotho,2007,1815.415903906708
Lesotho,2008,1988.209561918506
Lesotho,2009,1234.3169813663908
Liechtenstein,2003,1186.0053337247991
Liechtenstein,2004,863.2613155560729
Liechtenstein,2005,773.425474553552
Liechtenstein,2006,679.3989578419178
Liechtenstein,2007,608.6942116618408
Liechtenstein,2008,794.7090926403996
Liechtenstein,2009,905.9531875577454
Liechtenstein,2010,665.1516211679759
Liechtenstein,2011,542.1772482263458
Liechtenstein,2012,369.5250645571176
Liechtenstein,2013,105.40573918540593
Liechtenstein,2014,605.6179861174812
Liechtenstein,2015,542.595588235294
Liechtenstein,2016,253.23752564208507
Liechtenstein,2017,214.13145947393502
Liechtenstein,2018,229.28735667982372
Liechtenstein,2019,157.32526214680234
Liechtenstein,2020,329.8198698082684
Liechtenstein,2021,194.62610559027414
Liechtenstein,2022,321.2527959552209
Liechtenstein,2023,46.5014418717636
Lithuania,2003,5483.796474166964
Lithuania,2004,5023.339839502524
Lithuania,2005,4314.030999319698
Lithuania,2006,4129.967601417925
Lithuania,2007,3873.0416965485447
Lithuania,2008,3945.193405274786
Lithuania,2009,3417.4441575966134
Lithuania,2010,3548.7196836490616
Lithuania,2011,3338.703163365489
Lithuania,2012,3799.318448544766
Lithuania,2013,4180.969423388769
Lithuania,2014,3714.3245394610553
Lithuania,2015,3278.3927709922496
Lithuania,2016,2151.3330356131987
Lithuania,2017,2752.4836238190965
Lithuania,2018,2582.6577292852435
Lithuania,2019,2415.321842363942
Lithuania,2020,1611.0834463122699
Lithuania,2021,1490.9141982280591
Lithuania,2022,1505.268130419891
Lithuania,2023,761.1664502878142
Luxembourg,2006,3418.8409634018944
Luxembourg,2007,2812.733013275271
Luxembourg,2008,2975.837635612844
Luxembourg,2009,3603.383349408304
Luxembourg,2010,3352.968153395254
Luxembourg,2011,3872.226157602791
Luxembourg,2012,9720.638034677
Luxembourg,2013,10218.02210592797
Luxembourg,2014,3709.4870338844757
Luxembourg,2015,4646.4758720883565
Luxembourg,2016,1265.7256348977846
Luxembourg,2017,1241.6977599020724
Luxembourg,2018,1760.4874646189073
Luxembourg,2019,5903.734962018051
Luxembourg,2020,1445.4575706653993
Luxembourg,2021,1366.2850581890546
Luxembourg,2022,1509.130598339658
Luxembourg,2023,421.6046612679636
Madagascar,2010,8720.71893301154
Madagascar,2011,9570.351270506286
Madagascar,2012,5704.041530850289
Madagascar,2013,8601.027797883558
Madagascar,2014,6193.910811300181
Madagascar,2015,5135.053901251795
Malaysia,2005,18600.651697612684
Malaysia,2006,20012.718611360553
Malaysia,2018,138.4193131122522
Malaysia,2019,137.4096816995977
Malaysia,2020,135.3983527846785
Malaysia,2021,136.89816350655863
Maldives,2003,600.5494261770733
Maldives,2004,631.7922780243023
Maldives,2005,1813.1066021819086
Maldives,2006,1074.3477071922655
Maldives,2007,1123.9159583516957
Maldives,2008,1179.4949783591635
Maldives,2009,1229.6545877898213
Maldives,2010,1013.8755848244972
Maldives,2011,1170.7610122727297
Maldives,2012,1336.505231788593
Maldives,2013,1516.0400699689178
Maldives,2014,712.3618041166909
Maldives,2015,834.7094892647661
Maldives,2016,280.71155725189305
Maldives,2017,316.94036176995655
Malta,2003,525.8927189725965
Malta,2004,550.320925050258
Malta,2005,1936.8539412994287
Malta,2006,1881.810462670729
Malta,2007,2366.5505447273244
Malta,2008,2447.6450435473744
Malta,2009,1642.2010944772326
Malta,2010,2500.5526747277004
Malta,2011,1667.594393334409
Malta,2012,1891.17518690937
Malta,2013,1934.6159028713803
Malta,2014,1621.268460094664
Malta,2015,1151.564775240151
Malta,2016,1677.9273236861563
Malta,2017,915.2869539003713
Malta,2018,1104.328144578645
Malta,2019,998.6182934188863
Malta,2020,961.0214526126814
Malta,2021,1004.2163976964389
Malta,2022,991.9258572640251
Malta,2023,135.01899828503667
Mauritius,2003,4828.456672895708
Mauritius,2004,5145.788648674247
Mauritius,2005,5033.063947229923
Mauritius,2006,5576.162714998108
Mauritius,2007,6550.188182287879
Mauritius,2008,5558.647694015572
Mauritius,2009,5559.001177619883
Mauritius,2010,4735.504202248994
Mauritius,2011,4069.6739967170843
Mauritius,2012,3853.828600431426
Mauritius,2013,4175.6485096264
Mauritius,2014,4829.1048288483125
Mauritius,2015,5028.078564734262
Mauritius,2016,2647.348846431881
Mauritius,2020,698.1385384042109
Mauritius,2021,678.6941575002334
Mexico,2003,44523.83948339302
Mexico,2004,49824.183019439944
Mexico,2005,42435.4201308429
Mexico,2006,41250.82335276712
Mexico,2007,41813.012977607126
Mexico,2008,41703.94965017742
Mexico,2009,53943.22639422949
Mexico,2010,45295.67178771447
Mexico,2011,37721.241856798864
Mexico,2012,110478.94698165327
Mexico,2013,99544.1936426189
Mexico,2014,94219.48926481389
Mexico,2015,92622.9245572085
Mexico,2016,39183.257336838826
Mexico,2017,39388.99125742679
Mexico,2018,43431.896180690645
Mexico,2019,68093.30446979294
Mexico,2020,46949.57622273219
Mexico,2021,48682.56448870883
Mexico,2022,47753.38140727239
Mexico,2023,32093.428246445295
Monaco,2003,801.4967258181597
Monaco,2004,616.0549833629962
Monaco,2005,570.8167307218791
Monaco,2006,582.1744333323473
Monaco,2007,539.763349038084
Monaco,2008,587.0685136323657
Monaco,2009,593.627598992692
Monaco,2010,602.7508740365498
Monaco,2011,452.1116709806228
Monaco,2012,448.57781133043994
Monaco,2013,481.86335514994244
Monaco,2014,977.779450841455
Monaco,2015,326.1404954786218
Monaco,2016,121.63712655359399
Mongolia,2003,3329.799370688852
Mongolia,2004,4205.461361566376
Mongolia,2005,4042.623679080743
Mongolia,2006,3749.755164213469
Mongolia,2007,3860.3550967440683
Mongolia,2008,4194.8943342804
Mongolia,2009,3164.484547992867
Mongolia,2010,3107.838754210599
Mongolia,2011,3132.6221054085017
Mongolia,2012,3304.1669986769775
Mongolia,2013,3506.883868747465
Mongolia,2014,3071.1574519435735
Mongolia,2015,3321.910117517891
Mongolia,2016,1423.6965302565566
Mongolia,2017,1396.7102339871963
Mongolia,2018,1975.2630418842023
Mongolia,2019,2419.389025666951
Mongolia,2020,2001.3008727942224
Mongolia,2021,915.7708268566827
Mongolia,2022,1632.718600061794
Mongolia,2023,1664.086042523375
Montenegro,2003,1594.053978552922
Montenegro,2004,1149.1066301803462
Montenegro,2005,2157.9831243592785
Montenegro,2006,2303.64011875332
Montenegro,2007,2041.3237123747224
Montenegro,2008,1915.3347668740107
Montenegro,2009,1166.0876427653777
Montenegro,2010,1036.8137265249588
Montenegro,2011,939.4757351246336
Montenegro,2012,909.0418547631824
Montenegro,2013,1155.7985567413268
Montenegro,2014,1106.5602592078726
Montenegro,2015,1031.2613918760794
Montenegro,2016,529.7662068400456
Montenegro,2017,584.3560267596174
Montenegro,2018,772.2275061894186
Montenegro,2019,709.7388797980598
Montenegro,2020,930.3537914209578
Montenegro,2021,854.3798192805999
Montenegro,2022,721.6505964800963
Montenegro,2023,179.18283720680984
Morocco,2003,63868.552273211266
Morocco,2004,49681.1588362188
Morocco,2005,73798.15096140264
Morocco,2006,71014.37901122122
Morocco,2007,69819.2376563194
Morocco,2008,70154.0043287076
Morocco,2009,61284.58030312282
Morocco,2010,3379.376685223808
Morocco,2011,3779.950026528604
Morocco,2012,64272.28143534053
Morocco,2013,144440.112237574
Morocco,2014,4502.625358502525
Morocco,2015,83383.40019290856
Morocco,2016,2251.855703082871
Morocco,2017,5745.45956700745
Morocco,2018,20131.488215792797
Morocco,2019,8706.838582359376
Morocco,2020,54128.61775609118
Morocco,2021,35510.270193187025
Morocco,2022,52067.41436424077
Morocco,2023,12107.38201845946
Mozambique,2004,5926.052286523907
Mozambique,2005,5469.471799376781
Mozambique,2006,4339.609854051296
Mozambique,2007,4142.368050983588
Mozambique,2008,4116.446903642612
Mozambique,2009,3840.910311562222
Myanmar,2009,4678.452943415516
Myanmar,2010,5486.375537578715
Myanmar,2011,10493.621674866481
Myanmar,2012,10909.724800067002
Myanmar,2013,11634.227769587193
Myanmar,2014,12875.214725454734
Myanmar,2015,13676.896931223606
Myanmar,2016,1341.985579580506
Myanmar,2017,10.52023318729083
Myanmar,2018,20666.99707703558
Myanmar,2019,991.4488203085647
Myanmar,2020,5661.279479748591
Myanmar,2022,2399.1970227170536
Myanmar,2023,686.1435369484535
Nepal,2005,4076.3961224272894
Nepal,2006,4060.7899201896466
Netherlands (Kingdom of the),2003,77964.74879464127
Netherlands (Kingdom of the),2004,77587.3560903537
Netherlands (Kingdom of the),2005,46434.429493398704
Netherlands (Kingdom of the),2006,45645.23987601784
Netherlands (Kingdom of the),2007,54619.110426318905
Netherlands (Kingdom of the),2008,47571.03966732446
Netherlands (Kingdom of the),2009,41189.99339817531
Netherlands (Kingdom of the),2010,37383.07879249799
Netherlands (Kingdom of the),2011,37717.21489973646
Netherlands (Kingdom of the),2012,36354.32468167351
Netherlands (Kingdom of the),2013,37218.70967640497
Netherlands (Kingdom of the),2014,26062.37916168544
Netherlands (Kingdom of the),2015,21807.882303432252
Netherlands (Kingdom of the),2016,10996.128947020838
Netherlands (Kingdom of the),2017,10300.292072618258
Netherlands (Kingdom of the),2018,13268.09604956596
Netherlands (Kingdom of the),2019,9944.905876155668
Netherlands (Kingdom of the),2020,15982.616471968106
Netherlands (Kingdom of the),2021,9142.993754767485
Netherlands (Kingdom of the),2022,9826.214324945257
Netherlands (Kingdom of the),2023,6135.205917241736
New Zealand,2003,24756.541357745107
New Zealand,2004,26121.723016273252
New Zealand,2005,21336.768052880652
New Zealand,2006,22276.509555925648
New Zealand,2007,23589.110232340903
New Zealand,2008,25235.14404406694
New Zealand,2009,21176.27533321686
New Zealand,2010,18827.3293806166
New Zealand,2011,18281.898930510994
New Zealand,2012,17070.90498713282
New Zealand,2013,15429.864455733552
New Zealand,2014,11519.450597878757
New Zealand,2015,33774.1606030868
New Zealand,2016,7003.529269487165
New Zealand,2017,6610.007981544445
New Zealand,2018,9071.25549275802
New Zealand,2019,11145.239147498123
New Zealand,2020,4925.75922355467
New Zealand,2021,2235.405025008827
New Zealand,2022,2077.437557010451
New Zealand,2023,2166.0056538376625
Nicaragua,2005,3909.7205415872954
Nicaragua,2006,4674.168512922419
Nicaragua,2007,317.6755717661042
Nicaragua,2008,311.74170434349435
Nicaragua,2009,322.85849174265604
Nicaragua,2010,6040.036953382046
Nicaragua,2016,471.952670129658
Nicaragua,2017,507.6113629701508
Nicaragua,2018,384.4774651254359
Nicaragua,2019,489.6033134027088
Nigeria,2007,46939.10568819064
Nigeria,2008,71596.9021343594
Nigeria,2009,77497.46050982721
Nigeria,2010,34399.13004363904
Nigeria,2011,14640.53777241483
Nigeria,2012,99551.46688272663
Nigeria,2013,64732.23416130311
Nigeria,2016,124013.41979813113
Nigeria,2017,114546.67197622026
North Macedonia,2003,2690.3297988720146
North Macedonia,2004,2965.191968290543
North Macedonia,2005,3718.9915166217315
North Macedonia,2006,3030.0932549122094
North Macedonia,2007,3461.9620761470374
North Macedonia,2008,3412.6595433179446
North Macedonia,2009,3862.5208765196135
North Macedonia,2010,3777.578416820822
North Macedonia,2011,3804.020992792996
North Macedonia,2012,3864.528142247413
North Macedonia,2013,3927.3410156560435
North Macedonia,2014,3991.0985867816316
North Macedonia,2015,5080.722532602559
North Macedonia,2016,2522.633091069795
North Macedonia,2017,438.3304804029843
North Macedonia,2019,3035.3075764857526
North Macedonia,2020,3671.0570368207423
North Macedonia,2021,1310.9902937610773
North Macedonia,2022,1312.7458807299583
North Macedonia,2023,90.06207719559134
Norway,2003,5334.830703515048
Norway,2004,5218.658320552936
Norway,2005,5141.7117901846705
Norway,2006,5050.364292635685
Norway,2007,5107.240154732251
Norway,2008,4845.060239827583
Norway,2009,4078.899609275365
Norway,2010,4339.804404301019
Norway,2011,4415.148105896244
Norway,2012,4289.276806111416
Norway,2013,11452.271207242818
Norway,2014,12828.044869400414
Norway,2015,18353.951536773013
Norway,2016,11454.250610888717
Norway,2017,10621.163752408329
Norway,2018,7632.427779180666
Norway,2019,7426.98443299782
Norway,2020,7074.224764363681
Norway,2021,6501.450713899633
Norway,2022,6099.536511425776
Norway,2023,388.62438304397506
Oman,2016,770.195681454437
Oman,2017,677.3331656160091
Panama,2003,4079.4012326764596
Panama,2004,3693.808280604628
Panama,2005,4263.06235677236
Panama,2006,7193.154489632332
Panama,2007,7035.552093727303
Panama,2008,7288.762492768601
Panama,2009,6999.977558501743
Panama,2010,7423.037234930902
Panama,2011,6678.412254589595
Panama,2012,6896.70559742481
Panama,2013,7834.180193026509
Panama,2014,6558.9652675549705
Panama,2015,6471.008081132248
Panama,2016,4555.999887055664
Panama,2017,163.33456014299142
Panama,2018,3495.400533859039
Panama,2019,2843.1793047166943
Panama,2020,3343.8145784754292
Panama,2021,3841.6193419171314
Panama,2022,3430.0911465196814
Panama,2023,473.1893071485543
Paraguay,2005,1956.9183407396326
Paraguay,2006,2269.666948978206
Paraguay,2007,4913.486798108628
Paraguay,2008,3703.3161104508563
Paraguay,2009,4104.0567044329755
Paraguay,2010,3327.0670444652383
Paraguay,2011,3849.882554140197
Paraguay,2012,3939.0934021887956
Paraguay,2013,3858.439851599137
Paraguay,2014,4052.2385241955167
Paraguay,2015,2906.1894960691016
Paraguay,2016,986.2333721867666
Paraguay,2017,718.9487313913803
Paraguay,2018,1109.1802286874133
Paraguay,2019,2051.7545204984394
Paraguay,2020,2172.8288577693997
Paraguay,2021,1538.468961609663
Paraguay,2022,2648.183987568506
Paraguay,2023,1096.5008166794928
Peru,2003,13667.62638799426
Peru,2004,19748.986065967045
Peru,2005,19572.402778292537
Peru,2006,20539.59353152483
Peru,2007,13638.367981326415
Peru,2008,21841.267873098546
Peru,2009,21440.666674629694
Peru,2010,19868.693766208075
Peru,2011,23448.200970893293
Peru,2012,27311.117094266607
Peru,2013,32841.02040349462
Peru,2014,34891.8504148201
Peru,2015,38959.144122977516
Peru,2016,17345.630857804597
Peru,2017,7973.158030144147
Peru,2018,25599.337303958047
Peru,2019,10754.967081057952
Peru,2020,8808.507846371056
Peru,2021,9148.92245425625
Peru,2022,8869.659531687717
Peru,2023,6800.347880883059
Philippines,2003,18973.86644585828
Philippines,2004,25389.35371890466
Philippines,2005,12388.46146769593
Philippines,2006,10598.244942899604
Philippines,2007,44111.09487892365
Philippines,2008,44298.807678496254
Philippines,2009,43415.3784291341
Philippines,2010,52727.675702643195
Philippines,2011,43547.02823254444
Philippines,2012,53552.655516642604
Philippines,2013,56646.36838322925
Philippines,2014,55629.87118712954
Philippines,2015,59000.65845539727
Philippines,2016,29647.107325664132
Philippines,2017,28117.577179338987
Philippines,2018,26973.146109889647
Philippines,2019,12563.728402016508
Philippines,2023,110397.50517790749
Poland,2003,141139.4360535812
Poland,2004,153103.78608092183
Poland,2005,140320.53973225688
Poland,2006,134703.1678183293
Poland,2007,142319.74449885963
Poland,2008,136900.9250159743
Poland,2009,113432.21826539755
Poland,2010,115183.085081161
Poland,2011,97421.50683719659
Poland,2012,103898.01816577825
Poland,2013,78069.05760847164
Poland,2014,61994.213622936855
Poland,2015,58328.90287982081
Poland,2016,48620.97319945906
Poland,2017,43679.42897353921
Poland,2018,44832.5169971076
Poland,2019,44502.001399617315
Poland,2020,39894.97470103229
Poland,2021,40146.25941809373
Poland,2022,39995.74855608941
Poland,2023,8451.688655280988
Portugal,2003,27250.058331723663
Portugal,2004,26282.494082180572
Portugal,2005,24948.30428184593
Portugal,2006,25867.27861302637
Portugal,2007,28745.72309673181
Portugal,2008,28964.884855097494
Portugal,2009,27148.42817750855
Portugal,2010,25705.42711335113
Portugal,2011,23593.949332533193
Portugal,2012,23646.42850416587
Portugal,2013,20617.068852363398
Portugal,2014,18236.850233983827
Portugal,2015,15253.996681862462
Portugal,2016,7593.3284905272085
Portugal,2017,7340.37874661989
Portugal,2018,6893.2088673350845
Portugal,2019,9032.262312485906
Portugal,2020,5500.524502360295
Portugal,2021,6173.355173603588
Portugal,2022,6771.543703349949
Portugal,2023,3744.8981309247133
Puerto Rico,2015,14182.331150779932
Puerto Rico,2016,12187.050472956402
Puerto Rico,2017,3036.973625567507
Puerto Rico,2018,1878.409189110985
Puerto Rico,2019,1694.7723842376038
Puerto Rico,2020,1659.4058563467606
Puerto Rico,2021,1591.7185003427385
Qatar,2003,1383.8283186648798
Qatar,2004,1279.9322699970583
Qatar,2005,1296.1831784603362
Qatar,2006,1840.184321711582
Qatar,2020,2536.2726809946344
Qatar,2021,6731.47216933601
Republic of Korea,2003,282683.4183972065
Republic of Korea,2004,323440.1013663631
Republic of Korea,2005,351012.3292170641
Republic of Korea,2006,262586.4724995839
Republic of Korea,2007,281947.6651091988
Republic of Korea,2008,310145.8701637046
Republic of Korea,2009,255366.3501693821
Republic of Korea,2010,84345.41768435904
Republic of Korea,2011,71957.35824584177
Republic of Korea,2012,71579.86264313658
Republic of Korea,2013,153756.0691998649
Republic of Korea,2014,145513.211202306
Republic of Korea,2015,147843.29136961073
Republic of Korea,2016,95628.46302184204
Republic of Korea,2017,89266.98289452674
Republic of Korea,2018,163876.37157249448
Republic of Korea,2019,163252.5753654614
Republic of Korea,2020,122044.16558150691
Republic of Korea,2021,101588.2988797406
Republic of Korea,2022,74496.760718084
Republic of Korea,2023,9799.24968758466
Republic of Moldova,2003,3200.344368072367
Republic of Moldova,2004,2417.977993219692
Republic of Moldova,2005,2742.919212576828
Republic of Moldova,2006,2598.706613125549
Republic of Moldova,2007,2296.3225502018254
Republic of Moldova,2008,1896.8525356766388
Republic of Moldova,2009,1299.6453938120073
Republic of Moldova,2010,2076.8156588701636
Republic of Moldova,2011,1974.4238338867547
Republic of Moldova,2012,2978.5126835845017
Republic of Moldova,2013,2605.2503639543966
Republic of Moldova,2014,3045.7614822372448
Republic of Moldova,2018,231.87638480955985
Republic of Moldova,2019,188.1053050509516
Romania,2003,18384.245603765365
Romania,2004,14457.689551338379
Romania,2005,19825.725762013884
Romania,2006,21973.05100095754
Romania,2007,24401.602185524764
Romania,2008,23466.199162246434
Romania,2009,23763.795215531823
Romania,2010,22449.28322477261
Romania,2011,19761.9748099248
Romania,2012,20206.690028961384
Romania,2013,20566.599348444826
Romania,2014,15547.435963086155
Romania,2015,16370.366164758972
Romania,2016,8635.305274496966
Romania,2017,8462.461084529852
Romania,2018,9361.653242418673
Romania,2019,9493.341503319405
Romania,2020,9964.166485924647
Romania,2021,9355.545258072241
Romania,2022,11247.392808041754
Romania,2023,4443.204344300123
Russian Federation,2004,264142.6900213642
Russian Federation,2005,284431.1677207512
Russian Federation,2006,309360.30148874933
Russian Federation,2007,306756.16079514235
Russian Federation,2008,299226.9339104406
Russian Federation,2009,261635.30378061812
Russian Federation,2010,243327.62330266146
Russian Federation,2011,228292.9118852189
Russian Federation,2012,220165.127003279
Russian Federation,2013,218925.21133426044
Russian Federation,2014,202398.14392072178
Russian Federation,2015,206502.23967570925
Russian Federation,2016,90818.91590411552
Russian Federation,2017,86310.74967051015
Russian Federation,2018,82531.33957837388
Russian Federation,2019,77603.87134255731
Russian Federation,2020,122887.87981103732
Rwanda,2007,147.52880645713398
Rwanda,2008,151.52994585980585
Rwanda,2009,159.06553921171275
Rwanda,2010,200.92875181117307
Rwanda,2011,220.5664414355838
Rwanda,2012,251.80380683997018
Rwanda,2013,267.3888206797953
Saint Kitts and Nevis,2004,46.43952002072781
Saint Kitts and Nevis,2005,58.02357602773658
Saint Kitts and Nevis,2006,25.80846924423157
Saint Kitts and Nevis,2007,45.85970174818809
Saint Kitts and Nevis,2008,52.67060958684739
Saint Kitts and Nevis,2009,228.22991620509535
Saint Kitts and Nevis,2010,573.8560714247593
Saint Kitts and Nevis,2011,403.8246187139794
Saint Kitts and Nevis,2016,665.47426950897
Saint Kitts and Nevis,2017,1030.2047268360586
Saint Kitts and Nevis,2018,538.579528930178
Saint Kitts and Nevis,2019,197.79084856321506
Saint Kitts and Nevis,2020,114.24585338485485
Saint Kitts and Nevis,2021,96.33224193549661
Saint Kitts and Nevis,2022,126.41585847989518
Saint Lucia,2018,189.61583633210375
Saint Lucia,2019,175.62730846300417
Saint Lucia,2020,127.28160140672422
Saint Lucia,2021,120.16585533484364
Saint Lucia,2022,123.34866145797174
Saint Lucia,2023,83.07122505334772
Saint Vincent and the Grenadines,2004,66.4904450766389
Saint Vincent and the Grenadines,2005,30.937092316995624
Saint Vincent and the Grenadines,2006,509.38514605317204
Saint Vincent and the Grenadines,2007,595.1554914979172
Saint Vincent and the Grenadines,2008,780.632176809172
Saint Vincent and the Grenadines,2009,787.6810547652664
Saint Vincent and the Grenadines,2010,599.3713369134721
Saint Vincent and the Grenadines,2011,800.0725949601501
Saint Vincent and the Grenadines,2012,810.097723374611
Saint Vincent and the Grenadines,2016,177.815071271742
Saint Vincent and the Grenadines,2017,181.7108171396664
Saint Vincent and the Grenadines,2018,184.61772476687275
Saint Vincent and the Grenadines,2019,302.5726062476599
Saint Vincent and the Grenadines,2020,1290.7790410138516
Saint Vincent and the Grenadines,2021,212.42887105121278
Saint Vincent and the Grenadines,2022,177.66629354319693
Saint Vincent and the Grenadines,2023,70.5366404303092
Saudi Arabia,2015,27643.415130629295
Saudi Arabia,2018,4767.315103387564
Saudi Arabia,2019,1986.2746439359191
Senegal,2010,705.5399853388245
Senegal,2015,4647.784531736375
Senegal,2016,570.2494001720906
Serbia,2004,101.82833877952233
Serbia,2005,12282.875072544814
Serbia,2006,11367.849562946065
Serbia,2007,9394.694756667423
Serbia,2008,9888.550405782937
Serbia,2009,10272.395163997375
Serbia,2010,7948.139044274727
Serbia,2011,8619.605439952025
Serbia,2012,9168.212721343181
Serbia,2013,8943.783413124522
Serbia,2014,6917.13373636091
Serbia,2015,9591.255856951318
Serbia,2016,6602.040182996798
Serbia,2017,6468.522775273664
Serbia,2018,6548.857674883997
Serbia,2019,6344.216926968307
Serbia,2020,4013.5308048809857
Serbia,2021,4065.8014361367527
Serbia,2022,3951.843936075096
Serbia,2023,1389.7665894260988
Sierra Leone,2007,4781.748336008272
Sierra Leone,2008,4935.836361041593
Singapore,2003,4989.072675476819
Singapore,2004,4803.931377976367
Singapore,2005,4064.304238456619
Singapore,2006,3119.4761967961394
Singapore,2007,4184.30914060858
Singapore,2008,3984.720995599952
Singapore,2009,3927.2955213225723
Singapore,2010,3955.4734212756644
Singapore,2011,2728.1312052329117
Singapore,2012,2689.00956161512
Singapore,2013,2603.0381629757517
Singapore,2014,1793.1737425464821
Singapore,2015,1612.6694799930392
Singapore,2016,1972.06883472846
Singapore,2017,1063.6543386709836
Singapore,2018,1551.8768369717322
Singapore,2019,1539.7972184802618
Singapore,2020,1405.1622610408742
Singapore,2021,1623.0285731543067
Singapore,2022,1420.452575618343
Singapore,2023,698.3122744714236
Slovakia,2003,9330.953655753994
Slovakia,2004,8823.63165856234
Slovakia,2005,10149.52683530496
Slovakia,2006,8417.492620320538
Slovakia,2007,8598.837767612638
Slovakia,2008,8745.638329937738
Slovakia,2009,9298.198495613426
Slovakia,2010,9233.487151522377
Slovakia,2011,9051.606556519539
Slovakia,2012,9751.285397610643
Slovakia,2013,9878.314456113148
Slovakia,2014,6870.713360856183
Slovakia,2015,5946.704820129794
Slovakia,2016,2608.214298588049
Slovakia,2017,2601.2362150122776
Slovakia,2018,3266.995899620088
Slovakia,2019,3001.872095705346
Slovakia,2020,2685.92126944641
Slovakia,2021,2533.967985376534
Slovakia,2022,2967.6307676372226
Slovakia,2023,776.0560323581545
Slovenia,2003,3546.0639827552463
Slovenia,2004,4469.042639702974
Slovenia,2005,4090.0051130807615
Slovenia,2006,4119.026216381095
Slovenia,2007,3390.8081947605697
Slovenia,2008,3373.809924084307
Slovenia,2009,3263.0532773079517
Slovenia,2010,3096.6762590326834
Slovenia,2011,2754.481403601809
Slovenia,2012,2616.642860961226
Slovenia,2013,2777.886645822264
Slovenia,2014,2459.8093553505905
Slovenia,2015,2348.7968758164016
Slovenia,2016,1648.0849375074843
Slovenia,2017,1577.961771758432
Slovenia,2018,1519.5962025949173
Slovenia,2019,1531.934047225569
Slovenia,2020,1516.0633235448042
Slovenia,2021,1477.1755903168312
Slovenia,2022,1253.9865065242243
Slovenia,2023,527.7217720073742
Solomon Islands,2004,88.17923415175797
Solomon Islands,2005,181.65422791853533
Solomon Islands,2006,203.57856728509762
Solomon Islands,2007,146.19242432270232
Solomon Islands,2008,182.67249749405448
South Africa,2010,64733.212254950326
South Africa,2011,62622.086476712575
South Africa,2012,66746.50849849996
South Africa,2013,74377.60203710094
South Africa,2014,68581.57450125719
South Africa,2015,65855.6644312449
Spain,2004,27143.13622491319
Spain,2005,36863.82561576952
Spain,2006,38249.439252901546
Spain,2007,60163.57336188084
Spain,2008,68242.99141400376
Spain,2009,70498.98770935912
Spain,2010,77184.87007276084
Spain,2011,85821.21006618824
Spain,2012,73778.74344268595
Spain,2013,73310.61071988754
Spain,2014,48798.208949702326
Spain,2015,53406.144061407234
Spain,2016,31913.73991472187
Spain,2017,33546.8241187139
Spain,2018,41644.364580413225
Spain,2019,34327.218461426935
Spain,2020,37692.62655153228
Spain,2021,53447.5773209348
Spain,2022,39881.83090198729
Spain,2023,17729.548340286383
Sri Lanka,2003,38925.12554576351
Sri Lanka,2004,38912.85617974368
Sri Lanka,2007,15505.77934634278
Sri Lanka,2008,15315.53574069223
Sri Lanka,2009,13215.64925091303
Sri Lanka,2010,13724.029360404566
Sri Lanka,2011,13976.550858991803
Sri Lanka,2012,14683.190208247182
Sri Lanka,2013,10892.414874816326
Sri Lanka,2014,11962.781761336466
Sri Lanka,2015,9138.756207384657
Sri Lanka,2016,8765.336109127371
State of Palestine,2003,336.4760469633744
State of Palestine,2004,305.4728420860723
State of Palestine,2005,699.041644905358
State of Palestine,2006,551.4906227740261
State of Palestine,2007,768.2420297319245
State of Palestine,2008,1059.234676128393
State of Palestine,2009,1275.3075732560517
State of Palestine,2010,1655.479551225312
State of Palestine,2011,2643.0916198311065
State of Palestine,2012,266.4239187576344
State of Palestine,2015,8635.09349334799
State of Palestine,2016,86.57937135029623
State of Palestine,2017,136.57009828701433
State of Palestine,2018,794.3794830219194
State of Palestine,2019,127.52129587346565
State of Palestine,2020,2250.5332166135536
State of Palestine,2021,4695.33706753401
State of Palestine,2022,2379.776976949335
State of Palestine,2023,8565.985056343345
Sudan,2008,204178.1690523128
Suriname,2003,778.1537770278431
Suriname,2004,778.6681574866274
Suriname,2013,3367.32150012302
Suriname,2014,3070.6615847458957
Suriname,2015,2880.607616221393
Suriname,2016,1555.1138531740157
Suriname,2017,9.931668162900255
Suriname,2018,82.44186748086987
Suriname,2019,260.5506570172079
Suriname,2020,800.2874856691762
Suriname,2021,436.65802443561165
Suriname,2022,548.032619021638
Suriname,2023,108.27097518469166
Sweden,2003,21090.662422861773
Sweden,2004,18058.530501241494
Sweden,2005,16604.9680776091
Sweden,2006,17123.51803956623
Sweden,2007,19539.57809402746
Sweden,2008,18839.919960184936
Sweden,2009,19143.936198345153
Sweden,2010,19097.99320255673
Sweden,2011,17336.89844438921
Sweden,2012,16756.3455301922
Sweden,2013,14602.765117733583
Sweden,2014,11217.535734236413
Sweden,2015,11192.294697251555
Sweden,2016,8095.186258144901
Sweden,2017,8354.705562399347
Sweden,2018,8525.957177560209
Sweden,2019,8655.470653089602
Sweden,2020,9298.248803269002
Sweden,2021,9075.481606191966
Sweden,2022,8901.577580030318
Sweden,2023,6476.13662911191
Switzerland,2003,15763.642409474473
Switzerland,2004,2035.0665237335636
Switzerland,2005,9889.8833960389
Switzerland,2006,10439.350048433938
Switzerland,2007,2149.1099125411956
Switzerland,2008,15114.911357371378
Switzerland,2009,24223.32693975363
Switzerland,2010,21700.37957047261
Switzerland,2011,22867.263617985962
Switzerland,2012,20330.929844645925
Switzerland,2013,24895.299802093683
Switzerland,2014,17552.142729111478
Switzerland,2015,17770.611102363062
Switzerland,2016,8651.901217168948
Switzerland,2017,11550.342490386376
Switzerland,2018,8591.83530413277
Switzerland,2019,8330.388297524243
Switzerland,2020,13697.067004948753
Switzerland,2021,13923.023915452022
Switzerland,2022,14233.865033175054
Switzerland,2023,2309.639738959496
Syrian Arab Republic,2003,9830.018711374772
Syrian Arab Republic,2004,10241.568020708082
Syrian Arab Republic,2005,10396.564642539732
Syrian Arab Republic,2006,10428.162977482965
Syrian Arab Republic,2007,9893.521131413905
Syrian Arab Republic,2008,13890.24121530572
Syrian Arab Republic,2009,18900.205104911074
Syrian Arab Republic,2015,1855.168355022477
Tajikistan,2005,1304.0639288349514
Tajikistan,2006,2131.8657348907022
Tajikistan,2007,2274.84896192948
Tajikistan,2008,2127.9285752124815
Tajikistan,2009,933.9449319980828
Tajikistan,2010,2012.807585970553
Tajikistan,2011,2641.770031819083
Tajikistan,2015,1863.1035229198544
Tajikistan,2017,158.47519185123926
Tajikistan,2018,147.56865559661398
Thailand,2005,124270.74475453523
Thailand,2006,131709.76386116009
Thailand,2007,2400.321780139679
Thailand,2008,2157.1854560771194
Thailand,2009,141431.81536813834
Thailand,2010,132082.31690883043
Thailand,2011,133546.57604583725
Thailand,2012,145250.29094487423
Thailand,2013,154059.11836414307
Thailand,2014,138168.11722772135
Thailand,2015,147083.04035781353
Thailand,2016,100277.64635219002
Thailand,2018,17953.785259679124
Thailand,2019,128733.77833369876
Thailand,2020,119314.00334214722
Thailand,2021,88133.0960729755
Thailand,2022,88872.2444025078
Thailand,2023,62833.29429849807
Timor-Leste,2015,975.4928807561664
Timor-Leste,2016,1093.8488178690827
Timor-Leste,2017,759.8834103084623
Togo,2012,305.7460387204932
Trinidad and Tobago,2004,1756.0033195082428
Trinidad and Tobago,2005,1893.3201931977328
Trinidad and Tobago,2006,1620.675652168473
Trinidad and Tobago,2007,1484.170362327717
Trinidad and Tobago,2008,1244.4462872230172
Trinidad and Tobago,2009,870.8341027931705
Trinidad and Tobago,2010,678.8787364488652
Trinidad and Tobago,2011,708.6667190673334
Trinidad and Tobago,2012,690.1749681423478
Trinidad and Tobago,2013,658.9944215334551
Trinidad and Tobago,2014,671.0310667736154
Trinidad and Tobago,2015,635.7148651654624
Trinidad and Tobago,2017,1817.8678069109342
Trinidad and Tobago,2018,1927.3798922284896
Trinidad and Tobago,2019,429.64114978617215
Trinidad and Tobago,2020,282.1145768251404
Tunisia,2014,546.05074661921
Tunisia,2015,553.814833264692
Tunisia,2016,421.4816460825759
Tunisia,2017,359.9922048982343
Turkmenistan,2003,1987.0865875722827
Turkmenistan,2004,2061.648287490103
Turkmenistan,2005,1923.7463790605532
Turkmenistan,2006,1725.1688465973739
Türkiye,2003,280945.52494475484
Türkiye,2004,309796.44397853804
Türkiye,2005,282179.19790428545
Türkiye,2006,289170.1077977499
Türkiye,2007,369356.7745883726
Türkiye,2008,401661.61003553006
Türkiye,2009,422442.1020501416
Türkiye,2010,440870.82332651556
Türkiye,2011,445323.7643150882
Türkiye,2012,498261.6113257295
Türkiye,2013,404084.1807216896
Türkiye,2014,271244.0947544115
Türkiye,2015,206221.29767728804
Türkiye,2016,142099.85418872823
Türkiye,2017,104356.30586831232
Türkiye,2018,144633.92420853002
Türkiye,2019,168235.93343110115
Türkiye,2020,146889.79297015994
Türkiye,2021,179388.22812069906
Türkiye,2022,189141.2773750631
Türkiye,2023,124475.45601497698
Uganda,2003,8936.64135373463
Uganda,2004,9160.683045013746
Uganda,2005,18926.524492290588
Uganda,2006,15380.068292096825
Uganda,2007,13370.012818783312
Uganda,2008,14614.550927645387
Uganda,2009,13156.01247587798
Uganda,2010,14202.500827696405
Uganda,2011,11245.489236093503
Uganda,2012,10609.207191130672
Uganda,2013,11052.188235846112
Uganda,2014,13739.381497138875
Uganda,2016,8958.77599225505
Ukraine,2003,54495.65461301926
Ukraine,2004,58339.75037717886
Ukraine,2005,52157.26697620778
Ukraine,2006,47832.95015922402
Ukraine,2007,57312.26002076842
Ukraine,2008,63613.81609762062
Ukraine,2009,60287.25710498754
Ukraine,2010,68059.13120731815
Ukraine,2017,6910.008144134871
Ukraine,2020,5187.334038317624
Ukraine,2021,4977.08499425716
Ukraine,2022,4879.483151838231
Ukraine,2023,4708.4453938798215
United Arab Emirates,2003,33280.32101104436
United Arab Emirates,2004,32629.46145297538
United Arab Emirates,2005,21471.699744644066
United Arab Emirates,2006,19801.537724976904
United Arab Emirates,2012,30088.461785818112
United Arab Emirates,2013,2283.792697303714
United Arab Emirates,2014,2096.649102368866
United Kingdom (England and Wales),2003,399970.828611858
United Kingdom (England and Wales),2004,356799.896311701
United Kingdom (England and Wales),2005,314465.18343364086
United Kingdom (England and Wales),2006,276467.74394067505
United Kingdom (England and Wales),2007,280786.7130818358
United Kingdom (England and Wales),2008,267867.6041874284
United Kingdom (England and Wales),2009,276139.0291254754
United Kingdom (England and Wales),2010,245295.8885671306
United Kingdom (England and Wales),2011,215014.8346195165
United Kingdom (England and Wales),2012,202109.32868598533
United Kingdom (England and Wales),2013,195363.33020005663
United Kingdom (England and Wales),2014,198188.37174359307
United Kingdom (England and Wales),2015,159254.65499342472
United Kingdom (England and Wales),2016,121466.81337793969
United Kingdom (England and Wales),2017,8503.95154230785
United Kingdom (England and Wales),2018,9450.459351922258
United Kingdom (Northern Ireland),2004,5198.574074614275
United Kingdom (Northern Ireland),2005,11921.06567093025
United Kingdom (Northern Ireland),2006,19943.73459150382
United Kingdom (Northern Ireland),2007,14143.199673550802
United Kingdom (Northern Ireland),2008,14113.710942227373
United Kingdom (Northern Ireland),2009,9530.628346352853
United Kingdom (Northern Ireland),2010,8081.671940949661
United Kingdom (Northern Ireland),2011,7775.580173486676
United Kingdom (Northern Ireland),2012,7519.02612974972
United Kingdom (Northern Ireland),2013,586.0104182322481
United Kingdom (Northern Ireland),2014,5463.686023157864
United Kingdom (Northern Ireland),2015,5359.228982132413
United Kingdom (Northern Ireland),2016,4156.671697902593
United Kingdom (Northern Ireland),2017,3657.676494805396
United Kingdom (Northern Ireland),2018,3230.1276662896908
United Kingdom (Northern Ireland),2019,3996.052704620189
United Kingdom (Northern Ireland),2020,2387.261265950706
United Kingdom (Northern Ireland),2021,1654.2288661805292
United Kingdom (Northern Ireland),2022,2036.8062778487583
United Kingdom (Northern Ireland),2023,1639.7164249092107
United Kingdom (Scotland),2003,14160.767872997081
United Kingdom (Scotland),2004,12049.25143087544
United Kingdom (Scotland),2005,10737.893694963015
United Kingdom (Scotland),2006,11575.80787064095
United Kingdom (Scotland),2007,21016.152101283627
United Kingdom (Scotland),2008,20833.36743931269
United Kingdom (Scotland),2009,15739.953463368947
United Kingdom (Scotland),2010,15106.143986491255
United Kingdom (Scotland),2011,14253.525735076762
United Kingdom (Scotland),2012,14261.255285628255
United Kingdom (Scotland),2013,7046.5398067780525
United Kingdom (Scotland),2014,4302.386746135905
United Kingdom (Scotland),2015,3755.960419380855
United Kingdom (Scotland),2016,1333.4535342826614
United Kingdom (Scotland),2017,1253.669547964902
United Kingdom (Scotland),2020,1264.9537138675448
United Kingdom (Scotland),2021,1008.482579310505
United Kingdom (Scotland),2022,1108.5927026594022
United Kingdom (Scotland),2023,8330.522786470192
United Republic of Tanzania,2010,23843.65304722931
United Republic of Tanzania,2011,13612.384150104106
United Republic of Tanzania,2012,13412.126364472486
United Republic of Tanzania,2013,20765.193665942752
United Republic of Tanzania,2014,13224.7127185596
United Republic of Tanzania,2015,12738.189667224917
United States of America,2003,1438431.0968702082
United States of America,2004,1056191.3291375607
United States of America,2005,722159.4050744906
United States of America,2006,736251.0276026503
United States of America,2007,762132.8584894247
United States of America,2008,686364.5129241241
United States of America,2009,530414.9771278633
United States of America,2010,510241.51497181185
United States of America,2011,452869.880025236
United States of America,2012,444086.11935261247
United States of America,2013,412215.37711281324
United States of America,2014,437091.26041604375
United States of America,2015,452058.03337067645
United States of America,2016,493745.88856122206
United States of America,2017,491526.120185127
United States of America,2018,484971.22934536677
United States of America,2019,469549.6711014152
United States of America,2020,487961.61418241233
United States of America,2021,172691.7526659966
United States of America,2022,122137.05084288339
Uruguay,2003,15939.002718407308
Uruguay,2004,18000.256509797382
Uruguay,2009,258.5828730992592
Uruguay,2010,17154.982704449896
Uruguay,2011,14646.57624798563
Uruguay,2012,16527.46782811872
Uruguay,2013,25770.22397093327
Uruguay,2014,26868.880800394003
Uruguay,2015,19502.691935838408
Uruguay,2016,11584.069148211322
Uruguay,2017,211.90791293922345
Uruguay,2018,15160.844527702477
Uruguay,2019,20164.9764732734
Uruguay,2020,10622.92802975155
Uruguay,2021,6102.461393678582
Uruguay,2022,4649.6285388422675
Uruguay,2023,666.4180820544996
Uzbekistan,2017,31179.020120662037
Uzbekistan,2018,6907.296546724103
Uzbekistan,2019,3597.3040250832028
Uzbekistan,2020,3694.0105832380896
Uzbekistan,2021,478.3929571357157
Venezuela (Bolivarian Republic of),2005,19318.35336068041
Venezuela (Bolivarian Republic of),2006,22281.794558493715
Venezuela (Bolivarian Republic of),2015,25763.53529175545
Venezuela (Bolivarian Republic of),2016,27169.262208977267
Venezuela (Bolivarian Republic of),2017,97671.50799812409
Venezuela (Bolivarian Republic of),2018,2094.4029138885153
Yemen,2009,478.25384093850994
Zimbabwe,2003,41398.94463198832
Zimbabwe,2004,35287.860921406056
Zimbabwe,2005,12881.871691629822
Zimbabwe,2006,14062.410799872907
Zimbabwe,2007,4782.898405463851
Zimbabwe,2008,4892.127972801507
Zimbabwe,2020,2409.082934173622
Zimbabwe,2021,2646.14534433612
Zimbabwe,2022,1670.431036569013
Zimbabwe,2023,1743.9646704092743
